-- Adminer 4.7.0 MySQL dump

SET NAMES utf8;
SET time_zone = '+00:00';
SET foreign_key_checks = 0;
SET sql_mode = 'NO_AUTO_VALUE_ON_ZERO';

USE `ki196499_calmio`;

DROP TABLE IF EXISTS `article__article`;
CREATE TABLE `article__article` (
  `id` varchar(255) COLLATE utf8_unicode_ci NOT NULL,
  `content` longtext COLLATE utf8_unicode_ci NOT NULL,
  PRIMARY KEY (`id`)
) ENGINE=InnoDB DEFAULT CHARSET=utf8 COLLATE=utf8_unicode_ci;

INSERT INTO `article__article` (`id`, `content`) VALUES
('ABOUT',	' <h3>Nadechni se</h3>\n        <p>\n            <strong>Calmio je první česká meditační aplikace podložená vědou.</strong>\n        </p>\n        <p>\n            Příjemný hlas tě provede praktickými metodami, jak zklidnit svou mysl, získat lepší kontakt se svým tělem a užívat si život tady a teď.\n        </p>\n        <p>\n            Vnitřní klid vždy začíná hlubokým nádechem. Calmio pomáhá už během prvních dnů mít více energie, redukovat stres, lépe se soustředit, má pozitivní vliv na spánek i celkové zdraví. Stačí pár minut denně.\n        </p>'),
('TERMS_AND_CONDITIONS',	'<p class=\"c9 title\" id=\"h.eiz6ycjq4e3\"><span class=\"c0\">OBCHODNI&#769; PODMI&#769;NKY MOBILN&iacute; APLIKACE</span></p>\n            <p class=\"c7\"><span class=\"c1\">Vza&#769;jemna&#769; pra&#769;va a povinnosti Uz&#780;ivatele a Provozovatele prameni&#769;ci&#769; z uz&#780;i&#769;va&#769;ni&#769; Aplikace se r&#780;i&#769;di&#769; te&#780;mito obchodni&#769;mi podmi&#769;nkami:</span></p>\n            <h4 class=\"c3\" id=\"h.9eqakkcjlc5s\"><span class=\"c5\">Definice v te&#780;chto obchodni&#769;ch podmi&#769;nka&#769;ch</span></h4>\n            <ul class=\"c6 lst-kix_oe7cae8tb53g-0 start\">\n                <li class=\"c2\"><span>&quot;Provozovatel&quot; je </span><span>Spolec&#780;nost SciDat s.r.o., IC&#780;O: 05721075, se si&#769;dlem Klobou&#269;nick&aacute; 1627/7, 140 00 Praha 4, zapsan&yacute; v obchodn&iacute;m rejst&#345;&iacute;ku: u krajsk&eacute;ho soudu v Praze, odd&iacute;l C, vlo&#382;ka 269150</span>\n                    <span class=\"c1\">;</span>\n                </li>\n                <li class=\"c2\"><span>&quot;Aplikace&quot; znamena&#769; mobiln&iacute; aplikaci s na&#769;zvem Calmio, mezi jeji&#769;z&#780; hlavni&#769; funkcionality patr&#780;i&#769; </span><span class=\"c1\">poskytov&aacute;n&iacute; obsahu na podporu osobn&iacute;ho rozvoje prost&#345;ednictv&iacute;m meditac&iacute; a jin&yacute;ch cvi&#269;en&iacute;, aplikace je dostupna&#769; v AppStore a GooglePlay obchodech;</span></li>\n                <li class=\"c2\"><span class=\"c1\">&quot;Smlouva&quot; znamena&#769; smlouvu uzavr&#780;enou mezi Uz&#780;ivatelem a provozovatelem, jeji&#769;mz&#780; pr&#780;edme&#780;tem je poskytnuti&#769; Licence k uz&#780;i&#769;va&#769;ni&#769; Aplikace Uz&#780;ivateli za podmi&#769;nek uvedeny&#769;ch v te&#780;chto VOP;</span></li>\n                <li class=\"c2\"><span class=\"c1\">&quot;Licence&quot; znamena&#769; nevy&#769;hradni&#769; licenci k uz&#780;i&#769;va&#769;ni&#769; Aplikace za podmi&#769;nek uvedeny&#769;ch v te&#780;chto VOP;</span></li>\n                <li class=\"c2\"><span class=\"c1\">&quot;Uz&#780;ivatel&quot; znamena&#769; jakoukoliv pra&#769;vnickou nebo fyzickou osobu odlis&#780;nou od Provozovatele, ktera&#769; uz&#780;i&#769;va&#769; Aplikaci;</span></li>\n                <li class=\"c2\"><span class=\"c1\">&quot;Uz&#780;ivatelsky&#769; u&#769;c&#780;et&quot; znamena&#769; never&#780;ejnou c&#780;a&#769;st Aplikace, ktera&#769; je uz&#780;ivateli pr&#780;i&#769;stupna&#769; po zada&#769;ni&#769; Pr&#780;ihlas&#780;ovaci&#769;ch u&#769;daju&#778;;</span></li>\n                <li class=\"c2\"><span class=\"c1\">&quot;Pr&#780;ihlas&#780;ovaci&#769; u&#769;daje&quot; znamenaji&#769; unika&#769;tni&#769; kombinaci pr&#780;ihlas&#780;ovaci&#769;ho jme&#769;na Uz&#780;ivatele a hesla zvolene&#769;ho Uz&#780;ivatelem, ktere&#769; Uz&#780;ivatel uloz&#780;i&#769; do databa&#769;ze Aplikace pr&#780;i zr&#780;izova&#769;ni&#769; Uz&#780;ivatelske&#769;ho u&#769;c&#780;tu prostr&#780;ednictvi&#769;m v Aplikace;</span></li>\n                <li class=\"c2\"><span class=\"c1\">&quot;VOP&quot; znamena&#769; tyto Vs&#780;eobecne&#769; obchodni&#769; podmi&#769;nky.</span></li>\n            </ul>\n            <h4 class=\"c3\" id=\"h.4e48dhb09lu\"><span class=\"c5\">Proces uzavr&#780;eni&#769; smlouvy o uz&#780;i&#769;va&#769;ni&#769; Aplikace</span></h4>\n            <ul class=\"c6 lst-kix_53nubrhwiqhe-0 start\">\n                <li class=\"c2\"><span class=\"c1\">Zobrazeni&#769; tlac&#780;i&#769;tka s na&#769;zvem &quot; Registrovat &quot; nebo tla&#269;&iacute;tka pro p&#345;ihl&aacute;&scaron;en&iacute; prost&#345;ednictv&iacute;m extern&iacute;ch slu&#382;eb nap&#345;.: Facebook, Twitter apod. v uz&#780;ivatelske&#769;m prostr&#780;edi&#769; Aplikace je na&#769;vrhem na uzavr&#780;eni&#769; Smlouvy ze strany Provozovatele.</span></li>\n                <li class=\"c2\"><span class=\"c1\">Kliknuti&#769; Uz&#780;ivatele na tlac&#780;i&#769;tko &quot; Registrovat &quot; nebo tla&#269;&iacute;tko pro p&#345;ihl&aacute;&scaron;en&iacute; prost&#345;ednictv&iacute;m extern&iacute;ch slu&#382;eb viz. p&#345;edchoz&iacute; bod, je bezvy&#769;hradny&#769;m pr&#780;ijeti&#769;m na&#769;vrhu na uzavr&#780;eni&#769; Smlouvy ze strany Uz&#780;ivatele a ti&#769;mto u&#769;konem je uzavr&#780;ena Smlouva.</span></li>\n                <li class=\"c2\"><span class=\"c1\">Kliknuti&#769;m na tlac&#780;i&#769;tko &quot; Registrovat &quot; nebo tla&#269;&iacute;tko pro p&#345;ihl&aacute;&scaron;en&iacute; prost&#345;ednictv&iacute;m extern&iacute;ch slu&#382;eb viz. v&yacute;&scaron;e, Uz&#780;ivatel rovne&#780;z&#780; vyjadr&#780;uje souhlas s te&#780;mito VOP a Provozovatel se o tom Uz&#780;ivatele zavazuje informovat v uz&#780;ivatelske&#769;m prostr&#780;edi&#769; Aplikace.</span></li>\n                <li class=\"c2\"><span class=\"c1\">Uzavr&#780;eni&#769;m Smlouvy vstupuji&#769; v u&#769;c&#780;innost na&#769;sleduji&#769;ci&#769; ustanoveni&#769; te&#780;chto VOP.</span></li>\n            </ul>\n            <h4 class=\"c3\" id=\"h.wj1yl8y5axsn\"><span class=\"c5\">Uz&#780;i&#769;va&#769;ni&#769; Aplikace</span></h4>\n            <ul class=\"c6 lst-kix_7huyxsd86w2s-0 start\">\n                <li class=\"c2\"><span class=\"c1\">Provozovatel ude&#780;luje uz&#780;ivateli Licenci v rozsahu a za podmi&#769;nek uvedeny&#769;ch v uz&#780;ivatelske&#769;m prostr&#780;edi&#769; Aplikace, zejme&#769;na uvedeny&#769;ch u dane&#769;ho typu Uz&#780;ivatelske&#769;ho u&#769;c&#780;tu.</span></li>\n                <li class=\"c2\"><span class=\"c1\">Uz&#780;ivatel se za ude&#780;leni&#769; Licence zavazuje Provozovateli zaplatit odme&#780;nu ve vy&#769;s&#780;i uvedene&#769; v uz&#780;ivatelske&#769;m prostr&#780;edi&#769; Aplikace a neni&#769;-li u konkre&#769;tni&#769;ho zpu&#778;sobu pouz&#780;iti&#769; (zejm. u dane&#769;ho Uz&#780;ivatelske&#769;ho u&#769;c&#780;tu) odme&#780;na uvedena, plati&#769;, z&#780;e je Licence poskytnuta bezu&#769;platne&#780;.</span></li>\n                <li class=\"c2\"><span>V pr&#780;i&#769;pade&#780;, z&#780;e je Licence ude&#780;lena za odme&#780;nu, ma&#769; Provozovatel pra&#769;vo poskytnout plne&#780;ni&#769; Smlouvy (napr&#780;. zpr&#780;i&#769;stupnit danou c&#780;a&#769;st nebo funkcionalitu Aplikace) az&#780; v momente&#780;, kdy dojde k zaplaceni&#769; odme&#780;ny za poskytnuti&#769; Licence a nezaplati&#769;-li Uz&#780;ivatel za Licenci odme&#780;nu v plne&#769; vy&#769;s&#780;i v Provozovatelem stanovene&#769; lhu&#778;te&#780;, jinak ihned, rus&#780;i&#769; se </span><span>Smlouva bez dals&#780;i&#769;ho od poc&#780;a&#769;tku</span>\n                    <span class=\"c1\">.</span>\n                </li>\n                <li class=\"c2\"><span class=\"c1\">Uz&#780;ivatel nesmi&#769; zr&#780;i&#769;dit vi&#769;ce nez&#780; jeden Uz&#780;ivatelsky&#769; u&#769;c&#780;et.</span></li>\n                <li class=\"c2\"><span class=\"c1\">Uz&#780;ivatel nema&#769; pra&#769;vo ude&#780;lat tr&#780;eti&#769; osobe&#780; podlicenci k uz&#780;i&#769;va&#769;ni&#769; Aplikace.</span></li>\n                <li class=\"c2\"><span class=\"c1\">Provozovatel ma&#769; pra&#769;vo Aplikaci nebo jeji&#769; c&#780;a&#769;st kdykoliv odstavit, zme&#780;nit a/nebo jej znepr&#780;i&#769;stupnit v AppStore a Google Play obchodech, a to z jake&#769;hokoliv du&#778;vodu.</span></li>\n                <li class=\"c2\"><span>Uz&#780;ivatel ma&#769; pra&#769;vo uz&#780;i&#769;vat Aplikace za podmi&#769;nek Smlouvy v aktua&#769;lni&#769; verzi dostupne&#769; na </span><span class=\"c10\"><a class=\"c11\" href=\"https://www.google.com/url?q=http://www.calmio.cz&amp;sa=D&amp;ust=1565628191229000\">http://www.calmio.cz</a></span><span>&nbsp;a v prost&#345;ed&iacute; aplikace, </span>\n                    <span class=\"c1\">v sekci &ldquo;Profil&rdquo;.</span>\n                </li>\n                <li class=\"c2\"><span class=\"c1\">Uz&#780;ivatel se zavazuje pr&#780;i uz&#780;i&#769;va&#769;ni&#769; Aplikace jednat tak, aby jemu ani Provozovateli uz&#780;i&#769;va&#769;ni&#769;m Aplikace nevznikla z&#780;a&#769;dna&#769; s&#780;koda.</span></li>\n            </ul>\n            <h4 class=\"c3\" id=\"h.x389vq1cejdy\"><span class=\"c5\">Databa&#769;ze</span></h4>\n            <ul class=\"c6 lst-kix_49swasq2an75-0 start\">\n                <li class=\"c2\"><span class=\"c1\">Uz&#780;ivatel nema&#769; pra&#769;vo prostr&#780;ednictvi&#769;m Aplikace strojove&#780; (zejm. pomoci&#769; tzv. softwarovy&#769;ch robotu&#778;) vyte&#780;z&#780;ovat databa&#769;zi spojenou s Aplikaci&#769;.</span></li>\n                <li class=\"c2\"><span class=\"c1\">uz&#780;ivatel a Provozovatel ti&#769;mto ujedna&#769;vaji&#769;, z&#780;e jake&#769;koliv u&#769;daje vloz&#780;ne&#769; Uz&#780;ivatelem do databa&#769;ze Aplikace jsou c&#780;a&#769;sti databa&#769;ze shroma&#769;z&#780;de&#780;ne&#769; Provozovatelem a sta&#769;vaji&#769; se souc&#780;a&#769;sti&#769; databa&#769;ze Provozovatele, aniz&#780; by Uz&#780;ivateli jeho jedna&#769;ni&#769;m popsany&#769;m v tomto odstavci vzniklo jake&#769;koliv pra&#769;vo k databa&#769;zi Aplikace.</span></li>\n                <li class=\"c2\"><span class=\"c1\">Smluvni&#769; strany jsou si ve&#780;domy, shodne&#780; prohlas&#780;uji&#769; a c&#780;ini&#769; nesporny&#769;m, z&#780;e Aplikace spln&#780;uje podmi&#769;nky ust. &sect; 562 odst. 2 Obc&#780;anske&#769;ho za&#769;koni&#769;ku, tedy, z&#780;e za&#769;znamy u&#769;daju&#778; v Aplikaci a jeji&#769; databa&#769;zi, jakoz&#780;to elektronicke&#769;m syste&#769;mu, jsou spolehlive&#769; a jsou prova&#769;de&#780;ny systematicky a posloupne&#780; a jsou chra&#769;ne&#780;ny proti zme&#780;na&#769;m.</span></li>\n            </ul>\n            <h4 class=\"c3\" id=\"h.20klct2l8dzg\"><span class=\"c5\">Osobni&#769; u&#769;daje a cookies</span></h4>\n            <ul class=\"c6 lst-kix_nmrenwk93kwb-0 start\">\n                <li class=\"c2\"><span class=\"c1\">Souhlas Uz&#780;ivatele s uz&#780;i&#769;va&#769;ni&#769;m souboru&#778; Cookies Provozovatelem uvedeny&#769; v pr&#780;i&#769;loze c&#780;. 1 te&#780;chto VOP tvor&#780;i&#769; souc&#780;a&#769;st Smlouvy.</span></li>\n                <li class=\"c2\"><span class=\"c1\">Souhlas Uz&#780;ivatele s poskytnuti&#769;m osobni&#769;ch u&#769;daju&#778; Provozovateli uvedeny&#769; v pr&#780;i&#769;loze c&#780;. 2 te&#780;chto VOP tvor&#780;i&#769; souc&#780;a&#769;st Smlouvy.</span></li>\n            </ul>\n            <h4 class=\"c3\" id=\"h.n63ktdige4or\"><span class=\"c5\">Odpove&#780;dnost za s&#780;kodu</span></h4>\n            <ul class=\"c6 lst-kix_we0s2pcwe04u-0 start\">\n                <li class=\"c2\"><span class=\"c1\">Ustanoveni&#769; toho c&#780;la&#769;nku VOP se nevztahuji&#769; na spotr&#780;ebitele.</span></li>\n                <li class=\"c2\"><span class=\"c1\">Uz&#780;ivatel se ti&#769;mto vy&#769;slovne&#780; vzda&#769;va&#769; pra&#769;va na na&#769;hradu s&#780;kody od Provozovatele neu&#769;myslne&#780; nebo nikoli z hrube&#769; nedbalosti zpu&#778;sobene&#769; Provozovatelem porus&#780;eni&#769;m jake&#769;koliv povinnosti Provozovatele uvedene&#769; ve Smlouve&#780; v souvislosti s plne&#780;ni&#769;m Smlouvy nebo v te&#780;chto VOP.</span></li>\n            </ul>\n            <h4 class=\"c3\" id=\"h.aoxjey9lt1hu\"><span class=\"c5\">Zme&#780;na VOP</span></h4>\n            <ul class=\"c6 lst-kix_jtppl4aligos-0 start\">\n                <li class=\"c2\"><span class=\"c1\">Uz&#780;ivatel bere na ve&#780;domi&#769;, z&#780;e Provozovatel uzavi&#769;ra&#769; Smlouvu v be&#780;z&#780;ne&#769;m obchodni&#769;m styku s ve&#780;ts&#780;i&#769;m poc&#780;tem osob a Smlouvy jsou podle sve&#769;ho charakteru zavazuji&#769;ci&#769; dlouhodobe&#780; k ope&#780;tovny&#769;m plne&#780;ni&#769;m stejne&#769;ho druhu s odkazem na tyto VOP. Smluvni&#769; strany c&#780;ini&#769; nesporny&#769;m, z&#780;e z povahy za&#769;vazku&#778; Provozovatele podle te&#780;chto VOP vyply&#769;va&#769; a jiz&#780; pr&#780;ed uzavr&#780;eni&#769;m Smlouvy vyply&#769;vala rozumna&#769; potr&#780;eba pozde&#780;js&#780;i&#769; zme&#780;ny te&#780;chto VOP.</span></li>\n                <li class=\"c2\"><span class=\"c1\">V pr&#780;i&#769;pade&#780;, z&#780;e dojde k uzavr&#780;eni&#769; nove&#769; Smlouvy k jiz&#780; existuji&#769;ci&#769;mu Uz&#780;ivatelske&#769;mu u&#769;c&#780;tu (tj. k obnoveni&#769; nebo prodlouz&#780;eni&#769; Uz&#780;ivatelske&#769;ho u&#769;c&#780;tu), r&#780;i&#769;di&#769; se takova&#769; Smlouva VOP ve zne&#780;ni&#769; ke dni uzavr&#780;eni&#769; takove&#769; Smlouvy.</span></li>\n            </ul>\n            <h4 class=\"c3\" id=\"h.21l81eh1wt7o\"><span class=\"c5\">Rozhodne&#769; pra&#769;vo</span></h4>\n            <ul class=\"c6 lst-kix_irijbuyca7na-0 start\">\n                <li class=\"c2\"><span class=\"c1\">Tyto VOP, jakoz&#780; i Smlouva, se r&#780;i&#769;di&#769; pra&#769;vni&#769;m r&#780;a&#769;dem C&#780;eske&#769; republiky, zejme&#769;na za&#769;k. c&#780;. 89/2012 Sb., obc&#780;ansky&#769; za&#769;koni&#769;k, ve zne&#780;ni&#769; pozde&#780;js&#780;i&#769;ch pr&#780;edpisu&#778;.</span></li>\n                <li class=\"c2\"><span class=\"c1\">Jake&#769;koliv spory vznikle&#769; na za&#769;klade&#780; Smlouvy a/nebo te&#780;chto VOP budou rozhodovat ve&#780;cne&#780; a mi&#769;stne&#780; pr&#780;i&#769;slus&#780;ne&#769; soudy C&#780;eske&#769; republiky.</span></li>\n            </ul>\n            <h4 class=\"c3\" id=\"h.rgq2bp9siq9i\"><span class=\"c5\">U&#769;c&#780;innost</span></h4>\n            <ul class=\"c6 lst-kix_3n7ct5yuzd3z-0 start\">\n                <li class=\"c2\"><span>Tyto VOP naby&#769;vaji&#769; platnosti a u&#769;c&#780;innosti dne </span><span class=\"c1\">15.8.2019.</span></li>\n            </ul>\n            <p class=\"c4\"><span class=\"c1\"></span></p>\n            <p class=\"c4\"><span class=\"c1\"></span></p>');

DROP TABLE IF EXISTS `course__course`;
CREATE TABLE `course__course` (
  `id` int(11) NOT NULL AUTO_INCREMENT,
  `description` longtext COLLATE utf8_unicode_ci NOT NULL,
  `free` tinyint(1) NOT NULL,
  `name` varchar(255) COLLATE utf8_unicode_ci NOT NULL,
  `sub_title` varchar(255) COLLATE utf8_unicode_ci NOT NULL,
  `title_photo` varchar(255) COLLATE utf8_unicode_ci DEFAULT NULL,
  `thumbnail` varchar(255) COLLATE utf8_unicode_ci DEFAULT NULL,
  PRIMARY KEY (`id`)
) ENGINE=InnoDB DEFAULT CHARSET=utf8 COLLATE=utf8_unicode_ci;

INSERT INTO `course__course` (`id`, `description`, `free`, `name`, `sub_title`, `title_photo`, `thumbnail`) VALUES
(11,	'Vítej na svém prvním kurzu, kde se seznámíš se základy meditace. Příjemný hlas tě krok po kroku provede praktickými metodami, jak zklidnit svou mysl, získat lepší kontakt se svým tělem a žít život tady a teď. Nadechni se, začínáme.',	1,	'Základní kurz',	'5-7 MIN - CVIČENÍ',	'https://calmio.iniapps.com/api/uploads/d88cf1c4-0e32-4e17-8faf-5f77158134e7.jpg',	'https://calmio.iniapps.com/api/uploads/thumbnails/d88cf1c4-0e32-4e17-8faf-5f77158134e7.jpg'),
(12,	'Základní kurz - placená lekce.',	0,	'Základní kurz - 7. lekce',	'5-7 MIN - CVIČENÍ',	'https://calmio.iniapps.com/api/uploads/09381084-7758-4ce8-b879-ffff97653c81.jpg',	'https://calmio.iniapps.com/api/uploads/thumbnails/09381084-7758-4ce8-b879-ffff97653c81.jpg');

DROP TABLE IF EXISTS `course__lesson`;
CREATE TABLE `course__lesson` (
  `course_id` int(11) NOT NULL,
  `lessonentity_id` int(11) NOT NULL,
  PRIMARY KEY (`course_id`,`lessonentity_id`),
  KEY `IDX_984969C591CC992` (`course_id`),
  KEY `IDX_984969CE7A27224` (`lessonentity_id`),
  CONSTRAINT `FK_984969C591CC992` FOREIGN KEY (`course_id`) REFERENCES `course__course` (`id`) ON DELETE CASCADE,
  CONSTRAINT `FK_984969CE7A27224` FOREIGN KEY (`lessonentity_id`) REFERENCES `lesson__lesson` (`id`) ON DELETE CASCADE
) ENGINE=InnoDB DEFAULT CHARSET=utf8 COLLATE=utf8_unicode_ci;

INSERT INTO `course__lesson` (`course_id`, `lessonentity_id`) VALUES
(11,	17),
(11,	18),
(11,	19),
(11,	20),
(11,	21),
(11,	22),
(12,	23);

DROP TABLE IF EXISTS `course__tag`;
CREATE TABLE `course__tag` (
  `course_id` int(11) NOT NULL,
  `tag_id` varchar(255) COLLATE utf8_unicode_ci NOT NULL,
  PRIMARY KEY (`course_id`,`tag_id`),
  KEY `IDX_8640737F591CC992` (`course_id`),
  KEY `IDX_8640737FBAD26311` (`tag_id`),
  CONSTRAINT `FK_8640737F591CC992` FOREIGN KEY (`course_id`) REFERENCES `course__course` (`id`) ON DELETE CASCADE,
  CONSTRAINT `FK_8640737FBAD26311` FOREIGN KEY (`tag_id`) REFERENCES `tag__tag` (`id`) ON DELETE CASCADE
) ENGINE=InnoDB DEFAULT CHARSET=utf8 COLLATE=utf8_unicode_ci;


DROP TABLE IF EXISTS `course__user`;
CREATE TABLE `course__user` (
  `id` int(11) NOT NULL AUTO_INCREMENT,
  `course_id` int(11) DEFAULT NULL,
  `user_id` int(11) DEFAULT NULL,
  PRIMARY KEY (`id`),
  KEY `IDX_391DA1BA591CC992` (`course_id`),
  KEY `IDX_391DA1BAA76ED395` (`user_id`),
  CONSTRAINT `FK_391DA1BA591CC992` FOREIGN KEY (`course_id`) REFERENCES `course__course` (`id`) ON DELETE CASCADE,
  CONSTRAINT `FK_391DA1BAA76ED395` FOREIGN KEY (`user_id`) REFERENCES `user__user` (`id`) ON DELETE CASCADE
) ENGINE=InnoDB DEFAULT CHARSET=utf8 COLLATE=utf8_unicode_ci;

INSERT INTO `course__user` (`id`, `course_id`, `user_id`) VALUES
(6,	11,	4),
(7,	11,	65),
(8,	11,	66),
(11,	11,	29),
(14,	11,	68),
(15,	11,	64),
(17,	11,	75),
(18,	11,	79),
(20,	11,	80),
(23,	11,	85),
(24,	11,	86),
(26,	11,	90),
(27,	11,	92),
(28,	11,	53),
(29,	11,	93),
(30,	11,	25),
(31,	11,	70),
(32,	11,	94),
(33,	11,	95),
(34,	11,	96),
(35,	11,	97),
(36,	11,	99),
(37,	11,	102),
(38,	11,	101),
(39,	11,	103),
(40,	11,	104),
(42,	11,	89),
(44,	11,	105),
(46,	11,	38);

DROP TABLE IF EXISTS `course__user_lesson`;
CREATE TABLE `course__user_lesson` (
  `id` int(11) NOT NULL AUTO_INCREMENT,
  `lesson_id` int(11) DEFAULT NULL,
  `finished` datetime NOT NULL,
  `time` int(11) NOT NULL,
  `courseUser_id` int(11) DEFAULT NULL,
  PRIMARY KEY (`id`),
  KEY `IDX_4251A5CD3FD8CCC7` (`courseUser_id`),
  KEY `IDX_4251A5CDCDF80196` (`lesson_id`),
  CONSTRAINT `FK_4251A5CD3FD8CCC7` FOREIGN KEY (`courseUser_id`) REFERENCES `course__user` (`id`) ON DELETE CASCADE,
  CONSTRAINT `FK_4251A5CDCDF80196` FOREIGN KEY (`lesson_id`) REFERENCES `lesson__lesson` (`id`) ON DELETE CASCADE
) ENGINE=InnoDB DEFAULT CHARSET=utf8 COLLATE=utf8_unicode_ci;

INSERT INTO `course__user_lesson` (`id`, `lesson_id`, `finished`, `time`, `courseUser_id`) VALUES
(4,	18,	'2019-09-20 19:50:37',	0,	8),
(5,	18,	'2019-09-23 19:53:21',	389,	6),
(6,	17,	'2019-09-23 20:01:07',	444,	6),
(8,	18,	'2019-09-26 06:14:30',	389,	23),
(9,	18,	'2019-09-26 06:15:17',	389,	24),
(10,	18,	'2019-10-02 09:56:54',	389,	27),
(12,	18,	'2019-10-02 12:38:14',	2,	28),
(13,	18,	'2019-10-03 13:54:56',	389,	31),
(14,	18,	'2019-10-03 17:42:44',	40,	32),
(15,	17,	'2019-10-04 21:32:52',	204,	31),
(16,	18,	'2019-10-05 20:10:35',	389,	36),
(17,	17,	'2019-10-06 19:57:10',	444,	36),
(18,	19,	'2019-10-09 07:22:40',	416,	36),
(19,	18,	'2019-10-09 18:16:54',	389,	42),
(20,	20,	'2019-10-09 19:57:38',	354,	36),
(21,	19,	'2019-10-10 14:05:24',	416,	31),
(22,	20,	'2019-10-10 14:11:54',	354,	31),
(23,	17,	'2019-10-10 19:10:58',	444,	42),
(24,	19,	'2019-10-13 20:20:45',	416,	42),
(25,	20,	'2019-10-15 18:16:05',	354,	42),
(26,	21,	'2019-10-15 20:00:28',	405,	36);

DROP TABLE IF EXISTS `daily_meditation__daily_meditation`;
CREATE TABLE `daily_meditation__daily_meditation` (
  `id` int(11) NOT NULL AUTO_INCREMENT,
  `from` date NOT NULL,
  `name` varchar(255) COLLATE utf8_unicode_ci NOT NULL,
  `subtitle` varchar(255) COLLATE utf8_unicode_ci NOT NULL,
  `thumbnail` varchar(255) COLLATE utf8_unicode_ci NOT NULL,
  `to` date NOT NULL,
  `visibility` tinyint(1) NOT NULL,
  `lesson_id` int(11) DEFAULT NULL,
  PRIMARY KEY (`id`),
  UNIQUE KEY `UNIQ_31FE5328CDF80196` (`lesson_id`),
  CONSTRAINT `FK_31FE5328CDF80196` FOREIGN KEY (`lesson_id`) REFERENCES `lesson__lesson` (`id`) ON DELETE SET NULL
) ENGINE=InnoDB DEFAULT CHARSET=utf8 COLLATE=utf8_unicode_ci;


DROP TABLE IF EXISTS `file__file`;
CREATE TABLE `file__file` (
  `id` char(36) COLLATE utf8_unicode_ci NOT NULL COMMENT '(DC2Type:guid)',
  `created` datetime NOT NULL,
  `name` varchar(255) COLLATE utf8_unicode_ci NOT NULL,
  `original_name` varchar(255) COLLATE utf8_unicode_ci NOT NULL,
  `size` int(11) NOT NULL,
  `type` varchar(255) COLLATE utf8_unicode_ci NOT NULL,
  `has_thumbnail` tinyint(1) NOT NULL,
  PRIMARY KEY (`id`)
) ENGINE=InnoDB DEFAULT CHARSET=utf8 COLLATE=utf8_unicode_ci;

INSERT INTO `file__file` (`id`, `created`, `name`, `original_name`, `size`, `type`, `has_thumbnail`) VALUES
('04deae8e-e9d7-47a0-a7bb-286ec5bb3482',	'2019-09-23 16:33:24',	'45c4542c-9171-45b1-adb5-7fd0eaa8d4e8.mp3',	'l1.mp3',	6242135,	'audio/mp3',	0),
('0a1bf43c-2dd4-4548-9913-40049a806ea7',	'2019-10-09 15:09:34',	'c4e72221-f33d-40e8-b4c9-5e5cf496166c.jpg',	'meditace_shutterstock_467205302.840x540c.jpg',	70925,	'image/jpeg',	1),
('0d519875-348e-40fe-9a95-40d3caf50baf',	'2019-09-25 10:37:13',	'96cfbc3d-a115-4b4c-8f23-5fd9ef694f4b.jpg',	'prvni_lekce_strom.jpg',	120316,	'image/jpeg',	1),
('0d74b513-abf6-4b35-a3d6-faf6113e11b4',	'2019-09-17 12:30:51',	'e9c23c63-c43b-4306-9dfd-78f9f5a6391e.mp4',	'video.mp4',	1049446,	'video/mp4',	0),
('13adaddd-921a-4c6e-a661-bea5fdd81e42',	'2019-09-12 09:03:10',	'0cd5333d-9cd7-44b9-9fea-821a182bf40e.jpg',	'dailyMeditation1.jpg',	52092,	'image/jpeg',	1),
('16bea9dd-9de9-4f1e-9388-74b5bb80c8cd',	'2019-09-07 15:30:10',	'4a2cb79b-4ce3-4b7e-81ad-756fcb745e92.png',	'Snímek z 2019-09-07 09-30-39.png',	44158,	'image/png',	1),
('21bc3c55-7d71-4ad2-8329-c37d292dd6e8',	'2019-09-20 12:21:19',	'd88cf1c4-0e32-4e17-8faf-5f77158134e7.jpg',	'prvni_lekce_strom.jpg',	125292,	'image/jpeg',	1),
('23c316e9-f1d2-409b-80ef-bfe109b08477',	'2019-10-09 18:02:57',	'4602e2a4-b351-4b27-93d9-699245938423.jpg',	'meditation1.jpg',	122785,	'image/jpeg',	1),
('25fcf64e-eec4-4f03-908e-6f55c26a37e8',	'2019-09-23 16:12:31',	'717e44c8-3696-44fb-ba91-d9ea2e26c0f3.jpg',	'dailyMeditation1.jpg',	52092,	'image/jpeg',	1),
('27abc16c-6d65-4367-bb00-235294b63699',	'2019-10-08 19:31:42',	'53dba1f3-7ef0-4751-91ed-f9db4d10ba78.jpg',	'd88cf1c4-0e32-4e17-8faf-5f77158134e7.jpg',	3266,	'image/jpeg',	1),
('2d350bb1-c604-4660-b603-50e2ee7d6b8b',	'2019-09-11 12:55:06',	'f7d8ef83-dd08-4bfa-95e8-9d2b143c7254.jpeg',	'dailyMeditation2.jpeg',	17658,	'image/jpeg',	1),
('300de425-11e4-4165-ac3d-cd933501e390',	'2019-10-09 15:13:27',	'439f9b83-c331-4066-a06e-7d42cf61105b.jpeg',	'AdobeStock_220456804-Meditace-1024x683.jpeg',	111314,	'image/jpeg',	1),
('301a81bb-e8b8-4c6b-be88-3bf92b1a7335',	'2019-09-20 12:25:38',	'a86b62a8-b5b3-450d-a4e0-a5d82dec5a8b.mp3',	'l3.mp3',	6664274,	'audio/mp3',	0),
('36e23c16-d334-452a-b62b-b6d9869c1648',	'2019-09-09 20:47:39',	'3095826b-d001-4fbb-b9a6-075b8f7f4a73.yml',	'swagger (1).yml',	41737,	'application/octet-stream',	0),
('37a2d10e-8346-4e1a-b73c-16d3909feffa',	'2019-09-13 09:55:09',	'80e0c0e4-22d6-40e9-b97b-149badf05945.mp3',	'L1c.mp3',	316552,	'audio/mp3',	0),
('3be432ab-84de-4108-b4f6-fc34ae462265',	'2019-09-12 09:04:45',	'a1ae85d5-89fb-43d3-84f9-61a51c5f6f69.mp3',	'L1a.mp3',	96790,	'audio/mp3',	0),
('3e2acc48-83a3-41b4-b9da-65ef2c369a00',	'2019-09-20 12:27:07',	'e184e8fd-7ae3-4d9c-8cf4-4b3f2db64352.mp3',	'l5.mp3',	6490403,	'audio/mp3',	0),
('4160a065-36d3-4032-af73-d1a02d2ff319',	'2019-10-09 17:48:48',	'32d17a67-02e0-4b08-8732-574b5dbce015.jpg',	'dailyMeditation2.jpg',	67286,	'image/jpeg',	1),
('4c5a24d0-4331-4bfc-aff4-6d9e5f4a3480',	'2019-09-19 15:53:30',	'cc462d26-087c-4771-a243-c677d2eb014d.jpg',	'stažený soubor.jpg',	9003,	'image/jpeg',	1),
('4dcb9998-5115-4e7a-ae19-6556bfa8bfc9',	'2019-09-11 20:00:36',	'ef5d758f-ea2a-4500-96e4-0b5cd0553602.jpeg',	'pp.jpeg',	85915,	'image/jpeg',	1),
('54194ad8-552a-48f8-9e72-2b5ce2d529d7',	'2019-09-09 21:06:46',	'3c3a7845-6d72-4882-bc20-f857f18b7373.yml',	'swagger (1).yml',	41737,	'application/octet-stream',	0),
('592bf6e4-4f00-40f1-8698-1b8712478f76',	'2019-09-16 15:25:10',	'2ed06094-3add-4222-871a-a94519df6ce0.mp3',	'l1.mp3',	6242135,	'audio/mp3',	0),
('5973283c-99e0-43f5-a5fb-18939b56483e',	'2019-09-13 09:55:31',	'47367102-1033-4d6c-8bfe-f1000ff3df16.mp3',	'meditace2c.mp3',	244373,	'audio/mp3',	0),
('5cbdeb5a-0317-4c5a-ac06-b9b1c3bacc84',	'2019-09-11 20:02:11',	'c5105949-2184-4a4c-9842-49b274be5ea7.jpeg',	'pp.jpeg',	85915,	'image/jpeg',	1),
('66e8634b-f21f-4f76-8019-dbdaf21da16d',	'2019-09-11 20:02:58',	'b9a4f8b5-e730-445f-81c2-4bdb58269fb4.jpeg',	'pp.jpeg',	85915,	'image/jpeg',	1),
('6894bf8f-14bf-45b4-ad1d-a93035abf627',	'2019-09-09 19:59:00',	'19ed66b0-7e26-4e96-bf48-170eb20bbbff.jpeg',	'pp.jpeg',	85915,	'image/jpeg',	1),
('6f9e8308-c672-4028-83a2-fa764eba3fc2',	'2019-09-20 12:23:48',	'02f11f4d-27fb-4d27-9755-87d9c3209eff.mp3',	'l1.mp3',	6242135,	'audio/mp3',	0),
('7784a0e2-e698-4694-b317-cf2835463198',	'2019-10-09 15:09:50',	'f4dffa93-2a3e-48e2-a6e8-df6aba6c7ff2.jpeg',	'AdobeStock_220456804-Meditace-1024x683.jpeg',	111314,	'image/jpeg',	1),
('78459458-7e9c-4d5f-a453-b7a402e86ea0',	'2019-10-09 17:48:31',	'2aa4b047-8644-4d2f-b9f9-92e0ff7d2e2b.jpg',	'dailyMeditation2.jpg',	67286,	'image/jpeg',	1),
('7a40d3f4-8143-491d-9b66-8edc8074b0d7',	'2019-09-23 16:36:51',	'e3d7ec42-3997-42e7-b4f6-5b7fddd42c2e.jpeg',	'dailyMeditation3.jpeg',	32182,	'image/jpeg',	1),
('7e35faf8-8fa1-44c7-a94e-8759748968ce',	'2019-09-20 12:24:12',	'd4479bab-b0b1-4bff-bbbb-8d33e0d20501.mp3',	'l1.mp3',	6242135,	'audio/mp3',	0),
('7eb851b1-d753-4e45-80b1-1f014d3b7721',	'2019-09-11 20:05:41',	'3cfd7961-8228-45ff-a910-bfb799c4cfa4.jpeg',	'pp.jpeg',	85915,	'image/jpeg',	1),
('8026fbf2-69c2-4c3b-af2d-542d2638644d',	'2019-09-11 18:17:11',	'76b7cdd5-ddd6-4a45-b4ac-5d562ad1d170.jpeg',	'pp.jpeg',	85915,	'image/jpeg',	1),
('87a074c6-03cc-44ce-85a4-be4e57bab129',	'2019-09-13 09:47:59',	'12c00e3b-8669-4f54-ada8-bc0c4c4cffef.mp3',	'L9.mp3',	313886,	'audio/mp3',	0),
('88bbb21d-dd4c-46f2-9cb1-e65d4d4969a2',	'2019-09-23 16:28:53',	'862e8eba-9085-449a-8a65-5e267a43a767.mp3',	'l1.mp3',	6242135,	'audio/mp3',	0),
('8d67adb5-902b-4c39-8fe5-60d16a0d481d',	'2019-09-09 20:02:12',	'53159c23-e403-45c4-a048-1bdf12ca27f1.jpeg',	'pp.jpeg',	85915,	'image/jpeg',	1),
('8f781fad-b205-4c0c-bea7-edb1533ce4e3',	'2019-09-23 17:08:26',	'74377c17-06f3-4b20-987b-2f02089309f2.mp3',	'L1c.mp3',	316552,	'audio/mp3',	0),
('92ee9046-f063-4010-ad2a-de345d10d0be',	'2019-09-23 17:08:17',	'af62abe5-030e-43d8-8466-d53cc2288aa8.mp3',	'L1a.mp3',	96790,	'audio/mp3',	0),
('9921c486-3da1-436c-93ff-412ff8447e48',	'2019-09-23 17:14:02',	'cd5a33af-3aa2-4b6b-bd7b-b80be8ba57e6.mp3',	'L2a.mp3',	93140,	'audio/mp3',	0),
('9abc278f-d459-43a9-af08-8cf8a4630b01',	'2019-09-11 13:03:22',	'ca8d40b0-8fe5-431a-9916-4337ccfd8df5.mp3',	'L1a.mp3',	96790,	'audio/mp3',	0),
('9bffee29-e6d6-4b6a-88e7-ea3003048b10',	'2019-09-20 12:26:31',	'f309e78b-5b4e-4e5c-8f42-2ce919c06848.mp3',	'l4.mp3',	5681234,	'audio/mp3',	0),
('9c2e09e2-4b8c-4756-88cf-a007a3095a78',	'2019-09-11 20:04:13',	'd57e4698-af0d-4b3b-9a6c-161849ce5793.jpeg',	'pp.jpeg',	85915,	'image/jpeg',	1),
('a8050e9c-e50d-444d-9736-433187d1f462',	'2019-09-23 17:04:13',	'c44548cb-cc8e-4266-8bbe-92274654ef0a.mp3',	'l4.mp3',	5681234,	'audio/mp3',	0),
('a8b241f9-2b99-47f3-926c-3a78176d8439',	'2019-09-09 19:55:38',	'b4de9eca-eb41-4ce1-8cd8-5ffe8aa43579.jpeg',	'pp.jpeg',	85915,	'image/jpeg',	1),
('ac2d5f67-8934-446b-848e-8c0985c1e59c',	'2019-10-09 18:03:32',	'd2d5fa4e-f16c-48f8-a87a-13dad4ed34a2.jpg',	'meditation2.jpg',	53078,	'image/jpeg',	1),
('adce71d4-4e65-4ce4-b1f0-c763d610ead4',	'2019-09-20 12:29:44',	'ca1edba2-9661-42b8-9fd3-b76e258b94e5.mp3',	'l7.mp3',	4068236,	'audio/mp3',	0),
('aee7a1d5-1612-44d5-bcb7-ae3d645bb970',	'2019-09-20 12:29:14',	'09381084-7758-4ce8-b879-ffff97653c81.jpg',	'prvni_lekce_strom.jpg',	125292,	'image/jpeg',	1),
('b22cbf62-d8e6-4c02-9516-a33698d55e4a',	'2019-09-09 20:55:49',	'8f391565-3afd-471c-bfb1-da3cbb8d93a8.jpeg',	'pp.jpeg',	85915,	'image/jpeg',	1),
('b56d73ab-b801-4d2d-8969-2d69f32bf7e7',	'2019-10-09 19:12:09',	'cb1d4571-c074-445a-8d56-627ffd493b23.jpeg',	'AdobeStock_220456804-Meditace-1024x683.jpeg',	111314,	'image/jpeg',	1),
('b9624178-8794-4a90-98ee-adec45ec014f',	'2019-09-12 09:02:43',	'2b598c7b-2495-4eda-8d7f-4d296dd2cc54.jpeg',	'dailyMeditation3.jpeg',	32182,	'image/jpeg',	1),
('b9ea73c6-1739-4536-a770-2eec3cbcacd0',	'2019-09-20 12:22:33',	'8e9a9135-93ed-4225-bfc2-e7747a14c478.mp3',	'l1.mp3',	6242135,	'audio/mp3',	0),
('bab66327-82b9-4fdb-a40c-be929ed366ad',	'2019-10-09 17:54:08',	'36415de5-a0a7-44e2-ae73-9f47c6593e9a.jpg',	'meditation2.jpg',	53078,	'image/jpeg',	1),
('bdb51c9c-5250-4401-b5d7-9f5635cbb2e2',	'2019-09-09 20:38:12',	'8dfa6690-9db6-425f-90cd-ef721aa6acec.csv',	'sportka.csv',	173468,	'text/csv',	0),
('c02c2429-4183-46da-b83d-309efff489bf',	'2019-09-09 20:37:52',	'b3147f49-74ab-4ad0-8c36-45dfbeb8cc30.jpeg',	'pp.jpeg',	85915,	'image/jpeg',	1),
('c04adf2e-4576-433f-ad52-c21300f8e5dd',	'2019-09-23 16:33:38',	'3de326d6-7131-426d-a78e-87b44e3e82e9.jpeg',	'dailyMeditation2.jpeg',	17658,	'image/jpeg',	1),
('c07e926f-2a73-41dd-a3a8-53a200b3ef59',	'2019-09-12 09:52:44',	'9f3b6071-7fe8-4f50-b977-5c649db792c6.mp3',	'L9.mp3',	313886,	'audio/mp3',	0),
('c2d27b67-977c-409f-9ddc-110dbc97514d',	'2019-09-20 12:24:53',	'1a3df7e0-00c2-42c7-a3fb-b0e5b5bf3bab.mp3',	'l2.mp3',	7112744,	'audio/mp3',	0),
('c56555d4-f96c-4a9e-b7ac-a7e27488caaa',	'2019-09-11 19:59:25',	'561eaefe-e136-452f-b75d-db26323c568a.jpeg',	'pp.jpeg',	85915,	'image/jpeg',	1),
('cc4a82e7-dc44-4b93-922b-f72dec23e8fb',	'2019-10-09 17:52:55',	'34a20e21-c532-4786-8d45-40e7cadf9da1.jpeg',	'dailyMeditation3.jpeg',	32182,	'image/jpeg',	1),
('cc6237f3-0723-48a4-844c-b2cbd109bd22',	'2019-10-09 17:53:36',	'a62c7798-607c-434a-b522-4b8448d8bef9.jpg',	'meditation1.jpg',	122785,	'image/jpeg',	1),
('d22224ae-f5b3-42ab-b36d-031f8e71a945',	'2019-09-09 20:52:28',	'7910a0de-f00d-41ec-af4e-b73e7a4b3a21.yml',	'swagger (1).yml',	41737,	'application/octet-stream',	0),
('d5051355-d674-4006-8a37-a2d08f5eccc3',	'2019-09-12 09:04:53',	'82873970-a994-4ff3-b6b1-89b8d4941c5e.mp3',	'L2a.mp3',	93140,	'audio/mp3',	0),
('dcabcc2a-8570-4712-9ded-f50f5059e0df',	'2019-09-25 10:38:13',	'c3af6982-7ce1-4d7c-94ec-11496bc4d812.mp4',	'A2-0001_10 sec - Zaslat pro podnikatele_v3.mp4',	259205,	'video/mp4',	0),
('dfcb49d1-027a-4cb9-afb0-ee76849abf9d',	'2019-09-09 21:07:57',	'40a66bff-c5bd-477b-97b2-d3f353194838.yml',	'swagger (2).yml',	40401,	'application/octet-stream',	0),
('e3ba6a2a-2c21-40dd-b977-2680bbe3186d',	'2019-10-08 19:30:03',	'9f55123a-2a0c-448a-9993-09090883bda5.jpg',	'd88cf1c4-0e32-4e17-8faf-5f77158134e7.jpg',	3266,	'image/jpeg',	1),
('e6d8ad18-b352-487f-b64a-c0a1bde64722',	'2019-09-16 15:23:18',	'25a60d06-f05f-4cce-b500-e73db2511cee.mp3',	'l1.mp3',	6242135,	'audio/mp3',	0),
('eed8cbd5-907d-40da-9d35-1733a581ce67',	'2019-09-20 12:23:20',	'697ec3cd-74c5-45a8-a2e1-8f216ea42965.mp3',	'l2.mp3',	7112744,	'audio/mp3',	0),
('efa8c561-8e17-484c-8d08-37df9536a24c',	'2019-09-11 19:59:38',	'c3a2b0af-90de-4c1a-846d-a0187fbb27c8.jpeg',	'pp.jpeg',	85915,	'image/jpeg',	1),
('f2953150-3ca3-40f8-a727-cdb7812ef8b5',	'2019-09-23 16:37:33',	'73ff3302-34c7-4cb3-924c-b137bc59bbc9.mp3',	'l2.mp3',	7112744,	'audio/mp3',	0),
('f7408c5d-14f9-4f5b-b3f2-2b5fba52dab3',	'2019-09-20 12:27:45',	'994ff948-6818-4304-b042-10b3273bca8e.mp3',	'l6.mp3',	6782975,	'audio/mp3',	0),
('f84504f5-704d-4023-ad68-e69ab82dd939',	'2019-09-09 20:01:06',	'33df4342-f56e-4aaa-afb2-83366a7dfb62.jpeg',	'pp.jpeg',	85915,	'image/jpeg',	1),
('f8ee9aa7-c64f-4ddb-9b40-1d04a6054179',	'2019-09-12 09:05:08',	'7f87e792-1f42-4918-a2ca-994629010a53.mp3',	'L1a.mp3',	96790,	'audio/mp3',	0),
('f8f6f70e-3c1c-4b0d-9297-51ce2400b7d8',	'2019-09-23 16:24:46',	'c5207046-1bfe-45ba-8c5a-7ac1f493edfd.mp3',	'l7.mp3',	4068236,	'audio/mp3',	0),
('f946b27a-a72f-486e-8206-119734d3da82',	'2019-09-09 21:05:38',	'302ebe1f-4b7b-47d2-909a-a5845e226106.yml',	'swagger (1).yml',	41737,	'application/octet-stream',	0),
('f97c2d47-b577-4936-91b5-95ee7c68c391',	'2019-09-09 19:57:45',	'2260c7d7-0576-4bfe-93b9-40949d08e66e.jpeg',	'pp.jpeg',	85915,	'image/jpeg',	1),
('fb715fe3-b087-4339-9156-52e39757e786',	'2019-09-13 09:45:50',	'ca10c5ff-1b36-4309-b402-ad2dfabf74a0.mp3',	'L3.mp3',	312807,	'audio/mp3',	0);

DROP TABLE IF EXISTS `lesson__lesson`;
CREATE TABLE `lesson__lesson` (
  `id` int(11) NOT NULL AUTO_INCREMENT,
  `description` longtext COLLATE utf8_unicode_ci NOT NULL,
  `name` varchar(255) COLLATE utf8_unicode_ci NOT NULL,
  `type` varchar(255) COLLATE utf8_unicode_ci NOT NULL,
  `intro_text` varchar(255) COLLATE utf8_unicode_ci DEFAULT NULL,
  `intro_video` varchar(255) COLLATE utf8_unicode_ci DEFAULT NULL,
  `order` int(11) NOT NULL,
  PRIMARY KEY (`id`)
) ENGINE=InnoDB DEFAULT CHARSET=utf8 COLLATE=utf8_unicode_ci;

INSERT INTO `lesson__lesson` (`id`, `description`, `name`, `type`, `intro_text`, `intro_video`, `order`) VALUES
(1,	'Test Description',	'Test',	'audio',	NULL,	NULL,	0),
(2,	'Uvodni test',	'',	'video',	NULL,	NULL,	0),
(3,	'Uvodni test',	'',	'video',	'',	'',	0),
(4,	'Uvodni test 22',	'',	'video',	'',	'',	0),
(5,	'testovacidasd',	'',	'audio',	'',	'',	0),
(6,	'lekce 2',	'',	'audio',	NULL,	NULL,	0),
(7,	'lekce 7',	'',	'audio',	'',	'',	3),
(8,	'lekce 1',	'',	'audio',	'',	'',	4),
(9,	'lekce 1 test ulozeni',	'',	'audio',	'',	'',	0),
(10,	'lekce 1 test ulozeni',	'',	'audio',	'',	'',	0),
(11,	'lekce 2',	'',	'audio',	NULL,	NULL,	0),
(12,	'lekce 2',	'',	'audio',	'',	'',	0),
(13,	'lekce 1 test ulozeni',	'',	'audio',	'',	'',	0),
(14,	'',	'',	'audio',	'',	'',	1),
(15,	'testovaci lekce 1',	'',	'video',	NULL,	NULL,	1),
(16,	'<p>Dnes jsme si pověděli o metodě zvané focusing.</p><p>Pomáhá nám uvědomit si, co se děje v našem těle. Při metodě postupně procházíme svých pět smyslových základen: hmat, chuť, čich, zrak a sluch.</p>',	'',	'audio',	NULL,	NULL,	1),
(17,	'<p>Dnes jsme si pověděli o metodě zvané skenování, která je zaměřená na tělo.</p><p>Skenování těla provádíme hezky odshora dolů a zaměřujeme se při něm na vjemy v jednotlivých částech svého těla</p>',	'',	'audio',	'',	'',	2),
(18,	'<p>Dnes jsme si pověděli o metodě zvané focusing.</p><p>Pomáhá nám uvědomit si, co se děje v našem těle. Při metodě postupně procházíme svých pět smyslových základen: hmat, chuť, čich, zrak a sluch.</p>',	'',	'audio',	'',	'',	1),
(19,	'<p>Dnes jsme si vybrali první meditační předmět.</p><p>Náš primární předmět je dech. Je to náš nejlepší přítel.</p><p>Dech lze sledovat na dvou místech. V oblasti břišní stěny, či v oblasti nosních dírek. Dnes jsme si zkusili oblast břišní stěny.</p>',	'',	'audio',	'',	'',	3),
(20,	'<p>Dnes jsme si zkusili druhý meditační předmět.</p><p>Sledovali jsme svůj nádech a výdech v oblasti nosních dírek. Je to meditační předmět, který používají miliony lidí.</p>',	'',	'audio',	'',	'',	4),
(21,	'<p>Dnes jsme si vybrali ten meditační předmět, kde se nám lépe sleduje dech.</p><p>Je to buď sledování dechu v oblasti břišních svalů, nebo v oblasti nosních dírek. Když se nadechujeme a vydechujeme, jsme tady a teď.</p>',	'',	'audio',	'',	'',	5),
(22,	'<p>Dnes jsme si zkusili rozvíjet náš meditační předmět.</p><p>Naše dýchání je vždycky s námi. Kdykoliv máme pocit, že jsme odváděni pryč, vracíme se k dýchání, abychom zakotvili svou mysl.</p>',	'',	'audio',	'',	'',	6),
(23,	'<p>Dnes jsme si vyzkoušeli čajovou (či kávovou) meditaci.</p><p>Stačí nám k tomu náš oblíbený nápoj. Tato meditace spočívá v tom, že se učíme být opravdu přítomni pouze s naším nápojem. Nic víc nepotřebujeme.</p>',	'',	'audio',	'',	'',	1),
(24,	'test',	'',	'audio',	NULL,	NULL,	0),
(25,	'',	'',	'audio',	'',	'',	0),
(26,	'',	'',	'audio',	NULL,	NULL,	1),
(27,	'popisuju testovaci lekci',	'',	'audio',	'',	'',	1),
(28,	'123',	'',	'audio',	'',	'https://calmio.iniapps.com/api/uploads/a62c7798-607c-434a-b522-4b8448d8bef9.jpg',	1),
(29,	'1',	'',	'audio',	'',	'',	1),
(30,	'Lekce test',	'',	'audio',	'',	'https://calmio.iniapps.com/api/uploads/cb1d4571-c074-445a-8d56-627ffd493b23.jpeg',	1);

DROP TABLE IF EXISTS `lesson__lesson_source`;
CREATE TABLE `lesson__lesson_source` (
  `id` int(11) NOT NULL AUTO_INCREMENT,
  `lesson_id` int(11) DEFAULT NULL,
  `src` varchar(255) COLLATE utf8_unicode_ci DEFAULT NULL,
  `title` varchar(255) COLLATE utf8_unicode_ci DEFAULT NULL,
  PRIMARY KEY (`id`),
  KEY `IDX_CD9C604DCDF80196` (`lesson_id`),
  CONSTRAINT `FK_CD9C604DCDF80196` FOREIGN KEY (`lesson_id`) REFERENCES `lesson__lesson` (`id`) ON DELETE CASCADE
) ENGINE=InnoDB DEFAULT CHARSET=utf8 COLLATE=utf8_unicode_ci;

INSERT INTO `lesson__lesson_source` (`id`, `lesson_id`, `src`, `title`) VALUES
(7,	5,	'https://calmio.iniapps.com/api/uploads/40a66bff-c5bd-477b-97b2-d3f353194838.yml',	'swagger (2).yml'),
(25,	8,	'https://calmio.iniapps.com/api/uploads/7f87e792-1f42-4918-a2ca-994629010a53.mp3',	'L1a.mp3'),
(37,	14,	'https://calmio.iniapps.com/api/uploads/2ed06094-3add-4222-871a-a94519df6ce0.mp3',	'5'),
(38,	15,	'https://calmio.iniapps.com/api/uploads/e9c23c63-c43b-4306-9dfd-78f9f5a6391e.mp4',	'5'),
(41,	7,	'https://calmio.iniapps.com/api/uploads/a1ae85d5-89fb-43d3-84f9-61a51c5f6f69.mp3',	'6'),
(42,	7,	'https://calmio.iniapps.com/api/uploads/82873970-a994-4ff3-b6b1-89b8d4941c5e.mp3',	'7'),
(54,	23,	'https://calmio.iniapps.com/api/uploads/ca1edba2-9661-42b8-9fd3-b76e258b94e5.mp3',	'7'),
(61,	24,	'https://calmio.iniapps.com/api/uploads/73ff3302-34c7-4cb3-924c-b137bc59bbc9.mp3',	'5'),
(63,	25,	'https://calmio.iniapps.com/api/uploads/c44548cb-cc8e-4266-8bbe-92274654ef0a.mp3',	'3'),
(64,	25,	'https://calmio.iniapps.com/api/uploads/af62abe5-030e-43d8-8466-d53cc2288aa8.mp3',	'1'),
(65,	25,	'https://calmio.iniapps.com/api/uploads/74377c17-06f3-4b20-987b-2f02089309f2.mp3',	'2'),
(66,	26,	'https://calmio.iniapps.com/api/uploads/cd5a33af-3aa2-4b6b-bd7b-b80be8ba57e6.mp3',	'25'),
(68,	27,	'https://calmio.iniapps.com/api/uploads/c3af6982-7ce1-4d7c-94ec-11496bc4d812.mp4',	'1'),
(87,	17,	'https://calmio.iniapps.com/api/uploads/1a3df7e0-00c2-42c7-a3fb-b0e5b5bf3bab.mp3',	'7'),
(88,	18,	'https://calmio.iniapps.com/api/uploads/d4479bab-b0b1-4bff-bbbb-8d33e0d20501.mp3',	'7'),
(89,	19,	'https://calmio.iniapps.com/api/uploads/a86b62a8-b5b3-450d-a4e0-a5d82dec5a8b.mp3',	'6'),
(90,	20,	'https://calmio.iniapps.com/api/uploads/f309e78b-5b4e-4e5c-8f42-2ce919c06848.mp3',	'7'),
(91,	21,	'https://calmio.iniapps.com/api/uploads/e184e8fd-7ae3-4d9c-8cf4-4b3f2db64352.mp3',	'7'),
(92,	22,	'https://calmio.iniapps.com/api/uploads/994ff948-6818-4304-b042-10b3273bca8e.mp3',	'6');

DROP TABLE IF EXISTS `migration_versions`;
CREATE TABLE `migration_versions` (
  `version` varchar(14) COLLATE utf8_unicode_ci NOT NULL,
  `executed_at` datetime NOT NULL COMMENT '(DC2Type:datetime_immutable)',
  PRIMARY KEY (`version`)
) ENGINE=InnoDB DEFAULT CHARSET=utf8 COLLATE=utf8_unicode_ci;

INSERT INTO `migration_versions` (`version`, `executed_at`) VALUES
('20190805162442',	'2019-08-05 16:25:03'),
('20190805172309',	'2019-08-05 18:11:45'),
('20190805180020',	'2019-08-05 18:11:45'),
('20190807184933',	'2019-08-07 19:01:15'),
('20190811101726',	'2019-08-11 10:17:42'),
('20190811110536',	'2019-08-11 11:05:42'),
('20190811112500',	'2019-08-11 11:25:24'),
('20190813185641',	'2019-08-13 21:12:30'),
('20190813192554',	'2019-08-13 21:29:02');

DROP TABLE IF EXISTS `system__token`;
CREATE TABLE `system__token` (
  `id` char(36) COLLATE utf8_unicode_ci NOT NULL COMMENT '(DC2Type:guid)',
  `user_id` int(11) DEFAULT NULL,
  `created` datetime NOT NULL,
  `invalidation_date` datetime NOT NULL,
  `valid` tinyint(1) NOT NULL,
  PRIMARY KEY (`id`),
  KEY `IDX_C581F866A76ED395` (`user_id`),
  KEY `IDX_C581F8668C0735FF` (`valid`),
  CONSTRAINT `FK_C581F866A76ED395` FOREIGN KEY (`user_id`) REFERENCES `user__user` (`id`) ON DELETE CASCADE
) ENGINE=InnoDB DEFAULT CHARSET=utf8 COLLATE=utf8_unicode_ci;

INSERT INTO `system__token` (`id`, `user_id`, `created`, `invalidation_date`, `valid`) VALUES
('003c6398-e97c-428e-a9ab-07504dec804e',	52,	'2019-09-11 12:26:10',	'2019-09-11 12:56:10',	1),
('00ddb99a-5e7d-4bd2-b42f-d4e3ff7ae5db',	44,	'2019-08-31 09:45:58',	'2019-08-31 10:15:58',	1),
('0109fb47-e104-4a24-b1a9-f14863ea31e8',	79,	'2019-09-24 15:42:44',	'2019-09-24 16:12:44',	1),
('014b131f-4812-4963-9990-ca6f8ff399e4',	29,	'2019-09-02 17:17:54',	'2019-09-02 17:47:54',	1),
('018ce896-dc4d-4e3b-9e3d-3fad29cb5d34',	52,	'2019-09-09 16:56:25',	'2019-09-09 17:26:25',	1),
('01b3bd18-ea98-4e91-a747-7d26e8778341',	68,	'2019-09-23 11:55:40',	'2019-09-23 12:25:40',	1),
('01da3b48-cc08-4774-8b9c-c1de51b653ce',	80,	'2019-09-24 18:25:26',	'2019-09-24 18:55:26',	1),
('02b76fd3-0fed-43f7-b5d2-cf32514b7e3f',	52,	'2019-09-08 20:14:45',	'2019-09-08 20:44:45',	1),
('02bc3cb5-e0f5-4611-a642-4f3476eddb44',	68,	'2019-10-09 15:12:20',	'2019-10-09 15:42:20',	1),
('03be15e5-12c4-424c-b811-429a7997404b',	53,	'2019-09-11 10:54:02',	'2019-09-11 11:24:02',	1),
('04b715a4-b534-4400-a33a-59dc5f396848',	106,	'2019-10-11 05:40:07',	'2019-10-11 06:10:07',	1),
('04fffe21-5278-4586-8c72-b267edc83c3d',	52,	'2019-09-23 16:38:52',	'2019-09-23 17:08:52',	1),
('0517493e-b791-4cc4-bbf8-e297758814c6',	4,	'2019-09-16 12:30:34',	'2019-09-16 13:00:34',	1),
('06292121-f0eb-470a-bd14-82e92af3dbf9',	4,	'2019-09-16 12:51:04',	'2019-09-16 13:21:04',	1),
('077ad689-5166-44d5-9f5d-2b372a6ee1db',	38,	'2019-09-19 14:10:05',	'2019-09-19 14:40:05',	1),
('0800d447-8f27-47ae-b2d3-1c8a9fd5753c',	52,	'2019-09-16 15:22:22',	'2019-09-16 15:52:22',	1),
('080b2fc3-eec4-43db-b391-82f9b622d9aa',	52,	'2019-09-23 17:03:33',	'2019-09-23 17:33:33',	1),
('08aea44c-1acc-4ed8-8f00-354d37c55643',	25,	'2019-09-12 07:43:11',	'2019-09-12 08:13:11',	1),
('08f8d356-d226-40d0-b8fa-539f5500e162',	4,	'2019-09-23 11:44:49',	'2019-09-23 12:14:49',	1),
('09806f94-f1f6-4e86-bcb6-2a292af57522',	38,	'2019-08-30 09:19:22',	'2019-08-30 09:49:22',	1),
('0a420881-c8da-4427-87d4-9a86f1f2b1df',	80,	'2019-09-25 10:26:09',	'2019-09-25 10:56:09',	1),
('0a4b0b39-987c-4a5a-b62f-2ce8106eb659',	52,	'2019-10-02 18:45:09',	'2019-10-02 19:15:09',	1),
('0abadb03-9a6b-4514-9f54-3f6cdcaf0029',	52,	'2019-09-08 17:17:35',	'2019-09-08 17:47:35',	1),
('0af25316-8e9f-458b-b5f9-243be7d8ed5d',	52,	'2019-09-08 07:00:44',	'2019-09-08 07:30:44',	1),
('0bdb49d8-43d7-42f7-b8f9-37946013b041',	68,	'2019-10-09 19:11:53',	'2019-10-09 19:41:53',	1),
('0c3ddc3c-f7fe-425f-a9ec-87e9d83e1e2b',	4,	'2019-09-23 11:43:13',	'2019-09-23 12:13:13',	1),
('0c4be3e5-680a-4882-a061-0a3c3e9189a5',	52,	'2019-10-09 08:19:57',	'2019-10-09 08:49:57',	1),
('0c9348be-3d97-4cac-835a-fb040c5e485b',	4,	'2019-09-13 13:00:42',	'2019-09-13 13:30:42',	1),
('0d5efd6a-82c5-4f2f-9607-69eaadf36141',	29,	'2019-09-21 06:53:49',	'2019-09-21 07:23:49',	1),
('0d804103-d7ad-4794-a9c1-c710fd4e3a6a',	52,	'2019-09-09 22:21:34',	'2019-09-09 22:51:34',	1),
('0dc74182-9535-4cfb-9a01-0f51a51ce003',	1,	'2019-08-06 16:37:18',	'2019-12-31 17:07:18',	1),
('0e3f627d-2c56-4d26-bb0d-b4ef7c843733',	29,	'2019-08-22 07:43:10',	'2019-08-22 08:13:10',	1),
('0e822b47-cb4f-45b6-af4f-7dcbcfdc90e5',	21,	'2019-08-13 13:22:34',	'2019-08-13 13:52:34',	1),
('0eef31f4-565b-412b-8c01-36fffa6c6c01',	20,	'2019-08-13 09:40:55',	'2019-08-13 10:10:55',	1),
('0f4b6b72-330d-4232-9dde-b0e75386dc21',	52,	'2019-09-08 11:49:08',	'2019-09-08 12:19:08',	1),
('1021091a-ba87-4157-981c-34d9497e4db9',	31,	'2019-08-23 06:37:47',	'2019-08-23 07:07:47',	1),
('1023e936-9ced-4d68-af9a-5e01883f28ec',	4,	'2019-09-16 12:08:11',	'2019-09-16 12:38:11',	1),
('10e2b5c0-8581-44c3-b650-34bd3be68841',	4,	'2019-09-10 19:37:53',	'2019-09-10 20:07:53',	1),
('116a834e-3072-4f4d-b3e4-49de4fa9d2ed',	52,	'2019-09-08 12:07:57',	'2019-09-08 12:37:57',	1),
('119e81f8-d066-4722-97c1-d7472e25c5eb',	52,	'2019-09-23 11:09:52',	'2019-09-23 11:39:52',	1),
('1427c152-ad78-4169-bd4a-6d3db0dcfc75',	52,	'2019-09-16 15:23:38',	'2019-09-16 15:53:38',	1),
('15b4f75c-6af0-48a5-8cc7-75950890951d',	52,	'2019-09-08 09:02:13',	'2019-09-08 09:32:13',	1),
('15f0c564-eea0-401f-9fa1-ff3f73d2189e',	4,	'2019-09-17 10:29:15',	'2019-09-17 10:59:15',	1),
('176bb1b4-eba5-4108-9718-08d25d6b0bdd',	52,	'2019-09-12 19:32:57',	'2019-09-12 20:02:57',	1),
('179b7c78-aafe-408f-9be9-6afede44d9e2',	52,	'2019-09-08 19:01:34',	'2019-09-08 19:31:34',	1),
('17b84578-5c48-4e89-84f3-3f0683af672e',	50,	'2019-09-07 14:43:57',	'2019-09-07 15:13:57',	1),
('182daf41-9a3c-4566-87d8-924e1f1f9b0a',	26,	'2019-08-19 19:57:29',	'2019-08-19 20:27:29',	1),
('18743c09-c56d-4863-9d33-7ba6eb9f66dc',	29,	'2019-09-02 17:11:28',	'2019-09-02 17:41:28',	1),
('18b6e10c-3d21-447b-8651-ac6b292d35e1',	40,	'2019-08-28 19:40:08',	'2019-08-28 20:10:08',	1),
('1a74a5ec-dd61-46ee-828c-c5176f319949',	4,	'2019-09-16 14:06:35',	'2019-09-16 14:36:35',	1),
('1adcc4c1-c068-4f32-ae03-333fbc3732b3',	52,	'2019-09-08 19:34:02',	'2019-09-08 20:04:02',	1),
('1af0535c-d32c-4570-a8d7-3a7c95572cb8',	38,	'2019-09-13 10:16:11',	'2019-09-13 10:46:11',	1),
('1bc85537-b095-4efa-80f0-08aec43b84e3',	20,	'2019-08-13 10:23:56',	'2019-08-13 10:53:56',	1),
('1bf81b78-9dd5-4765-9247-0dc5e004f029',	52,	'2019-09-13 09:45:15',	'2019-09-13 10:15:15',	1),
('1c21d1a7-c074-4229-b46a-c90519bb3f33',	36,	'2019-09-03 09:08:21',	'2019-09-03 09:38:21',	1),
('1c7f3f30-d188-4fa3-af5d-c647c209593b',	52,	'2019-09-12 19:13:09',	'2019-09-12 19:43:09',	1),
('1ceca844-18ee-478f-99c7-f22ba7d2c4cc',	52,	'2019-09-09 21:05:22',	'2019-09-09 21:35:22',	1),
('1e24c62a-558d-49ad-be05-0b8fecaa5792',	52,	'2019-09-08 12:37:04',	'2019-09-08 13:07:04',	1),
('1f336d33-f7e1-4484-8744-3917740722dc',	4,	'2019-09-10 15:40:17',	'2019-09-10 16:10:17',	1),
('1f37546b-db85-41d7-8608-5199e09d17bc',	25,	'2019-09-03 08:04:51',	'2019-09-03 08:34:51',	1),
('1f39fbe1-bb28-44cc-b58f-43684306016d',	21,	'2019-09-11 13:32:55',	'2019-09-11 14:02:55',	1),
('1f5008cf-d956-4cac-a9df-9e6a02621078',	52,	'2019-09-09 19:58:16',	'2019-09-09 20:28:16',	1),
('1fba0042-75f4-43fa-93c3-0ea29caec5ff',	29,	'2019-09-02 17:14:58',	'2019-09-02 17:44:58',	1),
('20830237-d95d-4778-ae4a-c489f9dd9901',	4,	'2019-09-24 15:04:09',	'2019-09-24 15:34:09',	1),
('20fe9cb3-6b8b-4bb5-9e7b-fb3b54d59b07',	52,	'2019-09-08 11:46:51',	'2019-09-08 12:16:51',	1),
('23126a3f-647a-4d4a-ab34-2c42f251ff3e',	52,	'2019-09-09 22:23:15',	'2019-09-09 22:53:15',	1),
('23266100-2501-44fa-9561-ef3d00a12711',	4,	'2019-09-02 17:12:40',	'2019-09-02 17:42:40',	1),
('234f396c-0fb9-4e92-869c-fa3a7b9a63aa',	80,	'2019-09-25 10:39:37',	'2019-09-25 11:09:37',	1),
('2368daa8-565c-44ba-a36a-74981c54b21c',	52,	'2019-09-08 17:12:02',	'2019-09-08 17:42:02',	1),
('23691ad7-9009-46c7-879f-f065db793247',	25,	'2019-09-11 10:05:29',	'2019-09-11 10:35:29',	1),
('23c69719-b86b-4f7d-b93a-16bbe16f3e43',	52,	'2019-09-08 12:00:35',	'2019-09-08 12:30:35',	1),
('24c05073-c7f7-41dc-b02d-3316c3742a95',	52,	'2019-09-09 20:55:41',	'2019-09-09 21:25:41',	1),
('25cef494-e8d3-4b97-8a0d-1702bbd7e4a6',	4,	'2019-09-13 12:47:53',	'2019-09-13 13:17:53',	1),
('25e0fa47-a05b-475d-a86f-78a705bd1246',	52,	'2019-09-09 22:13:38',	'2019-09-09 22:43:38',	1),
('25f2dde9-4cb8-4473-84cd-37d33b4dd512',	4,	'2019-09-19 09:14:38',	'2019-09-19 09:44:38',	1),
('269faf8d-e788-407c-b29c-afa34ca312db',	52,	'2019-09-11 18:11:49',	'2019-09-11 18:41:49',	1),
('2756bff9-2247-494e-a69e-5ccf665c826b',	75,	'2019-09-25 19:13:34',	'2019-09-25 19:43:34',	1),
('27b470c5-ba05-4497-bb26-7c31f852032d',	50,	'2019-09-09 14:32:37',	'2019-09-09 15:02:37',	1),
('27c9ea63-e32d-4334-a15f-929b85a9a5f8',	29,	'2019-08-22 05:34:00',	'2019-08-22 06:04:00',	1),
('27d4df6f-9099-40df-a659-940ea20b20a1',	44,	'2019-08-31 10:21:18',	'2019-08-31 10:51:18',	1),
('27e42817-31d7-4b00-b418-eb731869a8af',	21,	'2019-08-20 15:58:50',	'2019-08-20 16:28:50',	1),
('295709ba-c114-478b-81c6-2b3836967315',	25,	'2019-08-14 09:32:46',	'2019-08-14 10:02:46',	1),
('2a688a81-bdbd-4a26-b5df-fdd8770d2e2f',	68,	'2019-10-10 06:01:15',	'2019-10-10 06:31:15',	1),
('2b78ec25-e84b-4382-b74f-780417291516',	25,	'2019-08-15 06:10:12',	'2019-08-15 06:40:12',	1),
('2b99f28f-d50b-4214-9f8c-0ba8c24986c6',	20,	'2019-08-13 11:03:43',	'2019-08-13 11:33:43',	1),
('2bcf16bf-3449-4910-953f-6b2b5546a8ba',	52,	'2019-09-08 19:49:42',	'2019-09-08 20:19:42',	1),
('2c0d83f7-c01c-43b6-a2fb-f104c072d8b9',	52,	'2019-09-09 18:43:05',	'2019-09-09 19:13:05',	1),
('2c10b708-d4f5-4b69-9c35-946b8a687f2e',	52,	'2019-09-23 16:16:15',	'2019-09-23 16:46:15',	1),
('2c3f1900-a06e-40c8-96a2-9798f788f13b',	44,	'2019-08-31 09:25:40',	'2019-08-31 09:55:40',	1),
('2c87bbbd-220d-4ced-af09-858d44ccdd15',	46,	'2019-09-02 07:50:45',	'2019-09-02 08:20:45',	1),
('2c89e187-76ba-427f-9f82-ee227b398467',	52,	'2019-09-07 19:36:01',	'2019-09-07 20:06:01',	1),
('2cec801d-fb60-418d-a577-1753a46819a7',	4,	'2019-09-23 12:17:01',	'2019-09-23 12:47:01',	1),
('2cf0ecbf-0e0c-449c-aab9-0780637ad055',	4,	'2019-09-16 13:16:10',	'2019-09-16 13:46:10',	1),
('2d6d5628-a18d-4a75-9764-3118518eb079',	4,	'2019-09-16 15:52:20',	'2019-09-16 16:22:20',	1),
('2da461eb-e388-44f4-94e6-ffe3c255d335',	90,	'2019-10-02 06:09:04',	'2019-10-02 06:39:04',	1),
('2da52a47-d703-415d-95ee-940e13ac655d',	52,	'2019-09-08 19:41:33',	'2019-09-08 20:11:33',	1),
('2db9bf92-0261-4b57-b405-f4ca42adff3c',	4,	'2019-09-12 09:20:07',	'2019-09-12 09:50:07',	1),
('2f2ab01c-11b0-4b62-bf33-1a87439a61e8',	4,	'2019-09-16 15:49:03',	'2019-09-16 16:19:03',	1),
('306b4de0-cfd4-4420-b71f-dc7acbd4dfbd',	29,	'2019-09-02 17:14:31',	'2019-09-02 17:44:31',	1),
('30f5e5c9-d052-4f81-80c0-b57eebc7fd07',	68,	'2019-10-09 15:08:16',	'2019-10-09 15:38:16',	1),
('30f9d00d-fda3-4d97-aa7d-e4e82883ed75',	4,	'2019-09-19 09:14:56',	'2019-09-19 09:44:56',	1),
('3166f434-f37d-4cfc-b69a-798537225fd1',	31,	'2019-09-10 11:51:02',	'2019-09-10 12:21:02',	1),
('3183e2ae-6ffa-4a1f-bacc-e615d701af86',	24,	'2019-08-27 11:03:25',	'2019-08-27 11:33:25',	1),
('3224999e-649c-479f-8046-19be02ada1a6',	52,	'2019-09-23 11:14:02',	'2019-09-23 11:44:02',	1),
('33627583-9270-4279-b938-a919e1d15790',	21,	'2019-09-07 14:32:55',	'2019-09-07 15:02:55',	1),
('336a3eba-afb7-44c3-aa81-cc198f68b850',	21,	'2019-09-03 10:42:52',	'2019-09-03 11:12:52',	1),
('338e0025-a665-432c-807f-dcbbe022ad43',	42,	'2019-08-31 04:10:26',	'2019-08-31 04:40:26',	1),
('3411c40e-d7ae-4826-9aab-a8ba6ce2abd2',	25,	'2019-09-07 10:17:02',	'2019-09-07 10:47:02',	1),
('3453755b-17b4-4337-a61b-ea4c64d7b9e7',	21,	'2019-09-09 09:53:20',	'2019-09-09 10:23:20',	1),
('345be55c-2917-4516-83a6-2fccf07adfd6',	82,	'2019-09-24 21:22:54',	'2019-09-24 21:52:54',	1),
('3485a288-3287-4027-bf20-7156d2d3f528',	4,	'2019-09-10 15:57:39',	'2019-09-10 16:27:39',	1),
('355fefcf-af90-482e-833e-9493f4e5e788',	52,	'2019-09-11 20:00:27',	'2019-09-11 20:30:27',	1),
('35b84521-1c6e-4b1d-a047-8e3f3551437b',	52,	'2019-09-11 12:50:38',	'2019-09-11 13:20:38',	1),
('35f5ff90-323c-4b96-9020-be1568b6f4c6',	52,	'2019-09-08 12:40:01',	'2019-09-08 13:10:01',	1),
('36543b21-9ebf-4500-851d-375aa951e95e',	29,	'2019-08-21 18:21:03',	'2019-08-21 18:51:03',	1),
('36b4f630-31da-4578-a558-14b870ca555b',	75,	'2019-09-25 19:43:15',	'2019-09-25 20:13:15',	1),
('37042a91-7ca0-4d11-b769-5452e069f43a',	29,	'2019-08-19 17:12:45',	'2019-08-19 17:42:45',	1),
('377d4d41-641e-4823-9598-015eafb0d146',	52,	'2019-09-08 11:34:03',	'2019-09-08 12:04:03',	1),
('377d7abd-6a7d-4f02-b78e-32780bd60d41',	52,	'2019-09-13 10:01:36',	'2019-09-13 10:31:36',	1),
('378261e1-5f98-4f5e-ad68-d02b48e9bdaa',	52,	'2019-09-11 20:02:00',	'2019-09-11 20:32:00',	1),
('38479f24-bdf6-402f-945e-fa3d3ef31155',	52,	'2019-09-12 19:46:07',	'2019-09-12 20:16:07',	1),
('3871eedd-42d0-4f50-9690-e3316a5ca17e',	4,	'2019-09-06 12:54:44',	'2019-09-06 13:24:44',	1),
('38d4450d-140c-4520-8445-2a6166faad7a',	52,	'2019-09-12 10:10:28',	'2019-09-12 10:40:28',	1),
('38d99eb8-0e66-4023-abd5-f947e1be3fb1',	37,	'2019-08-28 06:21:41',	'2019-08-28 06:51:41',	1),
('391e763d-0553-407d-9a84-62b4d4617d21',	52,	'2019-09-09 19:41:22',	'2019-09-09 20:11:22',	1),
('39810766-602e-4b6e-9039-f30f8b3ce5d6',	4,	'2019-09-03 11:47:10',	'2019-09-03 12:17:10',	1),
('3a182f71-ad81-4a95-b2dd-ad4d5b60d5ae',	52,	'2019-09-08 10:53:19',	'2019-09-08 11:23:19',	1),
('3acf69f3-8d93-4621-a675-44e710995b1f',	65,	'2019-09-19 17:29:52',	'2019-09-19 17:59:52',	1),
('3aedb172-9e66-45c2-a5ca-f3916a6eaeeb',	26,	'2019-09-16 06:17:25',	'2019-09-16 06:47:25',	1),
('3bd4565a-5459-4cfb-aa11-bf0e47050194',	68,	'2019-09-26 06:15:36',	'2019-09-26 06:45:36',	1),
('3c420cd6-70b2-4455-9cf6-f274b297a0aa',	105,	'2019-10-10 02:11:33',	'2019-10-10 02:41:33',	1),
('3c89049e-2115-42d3-8414-2371d5619f2a',	52,	'2019-10-09 08:10:54',	'2019-10-09 08:40:54',	1),
('3ce987c1-495b-458d-8cd4-d66e89c3ee02',	52,	'2019-09-23 11:21:26',	'2019-09-23 11:51:26',	1),
('3d1fe28f-6873-4634-934b-898625418305',	52,	'2019-09-08 11:13:50',	'2019-09-08 11:43:50',	1),
('3d2ad671-10bc-4180-a709-fbb7ed3731e7',	52,	'2019-09-09 22:18:30',	'2019-09-09 22:48:30',	1),
('3e751583-66e3-40f4-91c3-9655c434f8e4',	29,	'2019-09-02 17:32:22',	'2019-09-02 18:02:22',	1),
('3eae0658-6cdd-42f6-954d-e3eaf533f7f7',	52,	'2019-09-08 11:48:11',	'2019-09-08 12:18:11',	1),
('3f63310d-3a2d-4386-9f1e-9a4cbf4f860b',	52,	'2019-10-02 17:37:51',	'2019-10-02 18:07:51',	1),
('3f87288a-f000-40c8-8863-0d41c2e17028',	29,	'2019-08-27 05:23:00',	'2019-08-27 05:53:00',	1),
('3ff2039a-9702-40d7-8e61-5348ac74944b',	52,	'2019-09-23 11:42:23',	'2019-09-23 12:12:23',	1),
('40cca651-321a-4fe3-b4ce-c521a08f8662',	4,	'2019-09-12 08:53:54',	'2019-09-12 09:23:54',	1),
('413a93b1-8304-4178-8ed9-baa793f54945',	4,	'2019-09-12 08:49:25',	'2019-09-12 09:19:25',	1),
('417efc6f-4ef9-4e3e-bcaa-7086c7dfcbd7',	68,	'2019-10-10 05:51:04',	'2019-10-10 06:21:04',	1),
('419251c4-91b4-4ae6-8c6b-e8874508587b',	29,	'2019-08-22 06:09:08',	'2019-08-22 06:39:08',	1),
('4241d42b-6270-41b7-b6a2-9a4dec3555d8',	4,	'2019-09-16 13:24:12',	'2019-09-16 13:54:12',	1),
('4246e456-4fc6-4a1b-b48e-538e61255d01',	38,	'2019-08-29 08:19:12',	'2019-08-29 08:49:12',	1),
('42732a3d-bfc8-424c-ba95-a944f0c83aa9',	52,	'2019-09-09 12:24:34',	'2019-09-09 12:54:34',	1),
('4276aff8-c399-4dc0-aa01-72d2cd2fb347',	25,	'2019-09-04 09:16:02',	'2019-09-04 09:46:02',	1),
('42a0b9f3-b40c-4727-9ad5-31664f8141b7',	4,	'2019-09-16 08:57:29',	'2019-09-16 09:27:29',	1),
('43580dea-83fb-4bfc-926d-c2ec8b952023',	29,	'2019-08-31 08:26:49',	'2019-08-31 08:56:49',	1),
('439d910a-e826-46ae-b1f7-69b290ca3022',	4,	'2019-09-13 12:53:18',	'2019-09-13 13:23:18',	1),
('43aa5026-25f5-4fcc-a48f-3421c84718b6',	4,	'2019-09-20 12:32:48',	'2019-09-20 13:02:48',	1),
('447007bb-dc9a-4ea0-9d11-cf91cdd7646a',	4,	'2019-09-16 15:18:29',	'2019-09-16 15:48:29',	1),
('44719f2d-c0f5-42e1-803d-6499a10ae13d',	4,	'2019-09-11 13:21:03',	'2019-09-11 13:51:03',	1),
('45342e9c-d492-419c-92d2-de0e2aac406e',	52,	'2019-09-23 12:05:03',	'2019-09-23 12:35:03',	1),
('45528a05-1e89-4847-a355-ecefcf37a0f8',	4,	'2019-09-06 12:39:51',	'2019-09-06 13:09:51',	1),
('457a087f-8081-4a46-a8bc-250fcf29c57a',	52,	'2019-09-12 19:48:03',	'2019-09-12 20:18:03',	1),
('45d07798-b574-4b07-9d72-f8ae7e99ebb4',	52,	'2019-09-23 16:20:07',	'2019-09-23 16:50:07',	1),
('461607d0-ede5-4a6b-b2a5-fdb970786202',	4,	'2019-09-23 17:06:52',	'2019-09-23 17:36:52',	1),
('47891025-4e9c-4990-b1a9-f8778fd20415',	52,	'2019-10-02 18:30:38',	'2019-10-02 19:00:38',	1),
('48449aa8-45c5-4329-8f8b-fd6fb8d161cf',	52,	'2019-09-09 21:02:22',	'2019-09-09 21:32:22',	1),
('48545427-7081-4e84-8f2d-7a07f9725cf5',	52,	'2019-09-20 12:17:41',	'2019-09-20 12:47:41',	1),
('48c34458-918e-4532-9deb-cb8fccf082f4',	52,	'2019-10-09 08:11:24',	'2019-10-09 08:41:24',	1),
('49d6474f-8846-464c-974f-1e466ac5598a',	4,	'2019-09-16 09:12:57',	'2019-09-16 09:42:57',	1),
('4a3c1f85-da06-4b84-96b2-a29d8c8a0f91',	4,	'2019-09-17 13:30:21',	'2019-09-17 14:00:21',	1),
('4a76a32b-ce13-437e-87e8-6eb971b25794',	52,	'2019-09-08 08:57:42',	'2019-09-08 09:27:42',	1),
('4c045dc2-031d-4a56-a167-3722259cf528',	4,	'2019-09-12 10:11:15',	'2019-09-12 10:41:15',	1),
('4ce7b356-3268-4a03-819d-5a2cc9a74998',	4,	'2019-08-06 18:38:45',	'2019-08-06 19:08:45',	1),
('4d520576-69c3-4a51-81d1-ba0b1a29f12f',	4,	'2019-09-16 09:22:56',	'2019-09-16 09:52:56',	1),
('4d88a03a-d5e9-4100-a9fb-4f325464e2b4',	38,	'2019-10-10 10:28:28',	'2019-10-10 10:58:28',	1),
('4d893971-bbb1-4629-a158-dcfeb0255def',	38,	'2019-09-03 19:13:07',	'2019-09-03 19:43:07',	1),
('4ddfbdf7-cc86-4722-b37b-de2c3a9bdb79',	44,	'2019-09-02 13:20:50',	'2019-09-02 13:50:50',	1),
('4e24374e-309e-41f7-9508-4b3a484b4881',	25,	'2019-09-07 13:02:23',	'2019-09-07 13:32:23',	1),
('4e4880b9-dd2c-4175-8b4b-a497da8f2b56',	29,	'2019-08-19 11:57:07',	'2019-08-19 12:27:07',	1),
('4ea778ba-e35b-4225-bdd7-f6393a71f94f',	29,	'2019-08-22 08:23:10',	'2019-08-22 08:53:10',	1),
('4f758474-eb15-46c9-9a29-85b1f238f160',	4,	'2019-09-13 15:11:20',	'2019-09-13 15:41:20',	1),
('50952638-e5e0-41c2-827f-895353121d81',	52,	'2019-09-23 11:57:42',	'2019-09-23 12:27:42',	1),
('51ead093-068e-4e5e-b132-e27d79e349b4',	29,	'2019-08-28 13:18:27',	'2019-08-28 13:48:27',	1),
('522266cf-67e5-4fb0-a1dc-3889f391d98d',	29,	'2019-08-19 11:56:17',	'2019-08-19 12:26:17',	1),
('52c4c725-037a-4375-a5d5-8859245bd8bc',	29,	'2019-08-29 16:12:01',	'2019-08-29 16:42:01',	1),
('544895bd-8a28-4714-9876-6b76771796ce',	4,	'2019-09-06 11:46:32',	'2019-09-06 12:16:32',	1),
('54dd4747-65c4-4e19-a849-6a3648a727b0',	52,	'2019-09-23 16:14:29',	'2019-09-23 16:44:29',	1),
('562356bd-2be7-4a23-a432-9bc541cebf8f',	52,	'2019-09-09 20:52:15',	'2019-09-09 21:22:15',	1),
('59eb7f3b-e792-47df-95d8-f8e364c4629b',	21,	'2019-09-06 12:04:40',	'2019-09-06 12:34:40',	1),
('5b7d9ae5-fdd5-48d3-be39-fc20c7781df3',	52,	'2019-09-11 20:09:07',	'2019-09-11 20:39:07',	1),
('5b9bd1e9-78e1-4716-8d1f-1340830231dc',	4,	'2019-09-18 11:58:40',	'2019-09-18 12:28:40',	1),
('5bc5b5cb-d5de-4a33-82ea-ebddd56086fe',	68,	'2019-10-09 15:02:23',	'2019-10-09 15:32:23',	1),
('5bcfc27e-e718-4a5c-95d1-273c79759cc8',	47,	'2019-09-03 12:38:04',	'2019-09-03 13:08:04',	1),
('5c64b447-cd68-4ffc-b068-4a87a9a6baa0',	33,	'2019-08-26 14:04:36',	'2019-08-26 14:34:36',	1),
('5c9af9ce-2d1b-427b-bf2c-e3f55ce17be1',	80,	'2019-09-28 18:46:07',	'2019-09-28 19:16:07',	1),
('5ce698ba-d8f4-4e2a-9052-411918b299d6',	29,	'2019-08-30 13:32:03',	'2019-08-30 14:02:03',	1),
('5d0e7e10-a6ea-4c5c-99a0-e05871f26629',	38,	'2019-08-28 12:59:29',	'2019-08-28 13:29:29',	1),
('5e2019e8-ecad-4192-94c7-b18bcdded4d8',	29,	'2019-08-19 16:23:16',	'2019-08-19 16:53:16',	1),
('5e2cbec1-2d2a-45aa-8860-80653cf5bd0f',	29,	'2019-09-02 17:27:20',	'2019-09-02 17:57:20',	1),
('5e42b27b-8b0c-443e-a990-c05a8b70f638',	52,	'2019-09-08 12:23:15',	'2019-09-08 12:53:15',	1),
('5e46b311-8a36-4269-b390-5824d5b0195b',	86,	'2019-09-26 06:17:52',	'2019-09-26 06:47:52',	1),
('5e83529e-be57-4a2a-adb6-0fb1ed15a0ee',	52,	'2019-09-23 16:28:18',	'2019-09-23 16:58:18',	1),
('5e8ca102-db65-4e97-b885-c70450c30675',	52,	'2019-09-23 16:36:30',	'2019-09-23 17:06:30',	1),
('5f699c76-87d3-4185-bc07-c86a75bcfa88',	52,	'2019-09-09 22:25:22',	'2019-09-09 22:55:22',	1),
('5f7c6ee9-191c-4978-959f-a925a6ead257',	52,	'2019-09-09 19:57:01',	'2019-09-09 20:27:01',	1),
('60150ee4-cb8c-46db-a6c3-12a62d0c7e2a',	107,	'2019-10-13 18:19:16',	'2019-10-13 18:49:16',	1),
('60c84305-a475-4ebd-b7cb-75218c775201',	4,	'2019-09-13 10:24:15',	'2019-09-13 10:54:15',	1),
('6102c2eb-c86d-47af-a26a-5dd397406325',	52,	'2019-09-12 19:41:53',	'2019-09-12 20:11:53',	1),
('61abf19d-43b7-4766-881f-7f920c3621d2',	52,	'2019-09-12 19:59:05',	'2019-09-12 20:29:05',	1),
('61ed0ce7-5ce5-4249-ae90-9fcc68b48dab',	52,	'2019-09-12 09:40:20',	'2019-09-12 10:10:20',	1),
('6213913e-a187-4e46-8696-3a5e35c162e1',	4,	'2019-09-02 15:43:58',	'2019-09-02 16:13:58',	1),
('62c51299-99ab-4100-84b1-06824bb09eec',	38,	'2019-08-29 08:20:10',	'2019-08-29 08:50:10',	1),
('6412d4db-a568-4807-b171-84b4fae1241c',	4,	'2019-09-16 16:09:20',	'2019-09-16 16:39:20',	1),
('64e44f2c-ce33-499c-82c6-92f9dbb6504f',	52,	'2019-09-20 12:17:56',	'2019-09-20 12:47:56',	1),
('65a25934-02a6-4e57-bcef-45b2ceaa0084',	52,	'2019-09-08 19:44:28',	'2019-09-08 20:14:28',	1),
('65f32284-98ec-440e-b5cb-23efa53207cd',	52,	'2019-09-12 19:46:46',	'2019-09-12 20:16:46',	1),
('662a3730-db71-424b-be23-cc23ab084b20',	52,	'2019-09-08 17:25:27',	'2019-09-08 17:55:27',	1),
('664ac5ff-d7c4-45a2-9926-b229e9fed66a',	52,	'2019-09-11 13:16:06',	'2019-09-11 13:46:06',	1),
('66c72b89-7972-4b2c-ae3e-005ad457ef9c',	25,	'2019-08-17 15:15:51',	'2019-08-17 15:45:51',	1),
('67cca2e2-f016-4ffb-a68a-3500b3295112',	52,	'2019-09-23 11:42:51',	'2019-09-23 12:12:51',	1),
('68dc4b61-d087-4b94-90c7-7844b238c7b9',	30,	'2019-08-22 18:55:56',	'2019-08-22 19:25:56',	1),
('6977f8ad-7660-42f0-b3be-4203620ba2e0',	25,	'2019-09-09 14:33:55',	'2019-09-09 15:03:55',	1),
('69b69a01-ca38-4171-ba03-ec75ccdabc36',	25,	'2019-08-21 10:48:29',	'2019-08-21 11:18:29',	1),
('69d8aa2a-0b1d-4e29-a3fc-7e6a73f418b6',	29,	'2019-08-22 07:06:05',	'2019-08-22 07:36:05',	1),
('69d9ccf7-dcc7-4b8e-9aff-09299054ddd9',	4,	'2019-09-02 15:44:40',	'2019-09-02 16:14:40',	1),
('6c18a351-f596-4c22-978b-4fa9530dc8b8',	21,	'2019-09-03 10:33:07',	'2019-09-03 11:03:07',	1),
('6d34d69b-4c92-48ad-be0c-3dbc2eeee97d',	52,	'2019-09-23 17:08:06',	'2019-09-23 17:38:06',	1),
('6dbab030-3217-4a89-820f-36890576ca4d',	64,	'2019-09-18 15:29:52',	'2019-09-18 15:59:52',	1),
('6e01c361-eb5e-4955-af97-1922e58e5e5f',	25,	'2019-08-19 21:52:37',	'2019-08-19 22:22:37',	1),
('6e047e7a-b29e-4536-9976-cd7d40ec4828',	52,	'2019-10-02 17:36:34',	'2019-10-02 18:06:34',	1),
('6f462c7c-815f-416b-9c87-59b3f6ab48ca',	52,	'2019-09-12 19:48:49',	'2019-09-12 20:18:49',	1),
('6f935331-6da7-4771-873e-575c5a41fb84',	4,	'2019-09-02 15:43:37',	'2019-09-02 16:13:37',	1),
('6fd5a1d3-7a48-4f0c-90d8-b4427f95ed5c',	52,	'2019-09-23 16:39:51',	'2019-09-23 17:09:51',	1),
('714676ee-9117-44f1-93d3-fa09ec909437',	25,	'2019-09-06 13:52:55',	'2019-09-06 14:22:55',	1),
('717d97e4-41e5-4b86-897b-ad2e73df45a0',	4,	'2019-09-13 08:36:05',	'2019-09-13 09:06:05',	1),
('71a843e5-c1fe-4862-8158-25cc5e234b3e',	52,	'2019-09-13 09:50:51',	'2019-09-13 10:20:51',	1),
('7208ab2d-b2b5-4f94-89b3-ed5fe7a9ce3f',	52,	'2019-09-09 22:19:28',	'2019-09-09 22:49:28',	1),
('72389de6-1c59-4340-ba0c-15729aae8947',	68,	'2019-10-10 05:50:42',	'2019-10-10 06:20:42',	1),
('7296bd7c-2857-4b00-9815-a0cad9ad0d55',	21,	'2019-08-15 08:03:19',	'2019-08-15 08:33:19',	1),
('7314b3fe-3795-41c9-ab8f-5a7960d4382b',	21,	'2019-09-10 07:40:15',	'2019-09-10 08:10:15',	1),
('739bdee7-f97e-4bfb-9045-0ee400cd14b6',	94,	'2019-10-03 17:34:48',	'2019-10-03 18:04:48',	1),
('73bc2eea-222e-48db-8945-a7e4be94b1b6',	21,	'2019-09-02 17:10:48',	'2019-09-02 17:40:48',	1),
('73ff8a8b-d4c9-48de-9c7d-b6e92577cedc',	92,	'2019-10-02 09:43:57',	'2019-10-02 10:13:57',	1),
('74ac7f7d-8ffb-41b6-99f9-e0834509d4d9',	52,	'2019-09-07 16:17:29',	'2019-09-07 16:47:29',	1),
('74fd82bd-5da2-45af-a8f4-64f441a23972',	4,	'2019-09-16 12:08:41',	'2019-09-16 12:38:41',	1),
('7531304e-d1ae-4fc6-83d2-e4b084cac2f7',	1,	'2019-08-06 18:25:18',	'2019-08-06 18:55:18',	1),
('75404e15-b971-46b5-881a-7ca6d7ced51c',	52,	'2019-09-08 12:34:12',	'2019-09-08 13:04:12',	1),
('75940d51-5920-43d1-950a-f4979e42501e',	52,	'2019-09-08 08:59:34',	'2019-09-08 09:29:34',	1),
('75bb0c43-d169-4f02-a7ea-7b06a9a079e5',	52,	'2019-09-11 20:08:00',	'2019-09-11 20:38:00',	1),
('7603994f-b346-4347-843c-062fc7dc0b75',	4,	'2019-09-11 10:38:25',	'2019-09-11 11:08:25',	1),
('76fe7f30-ca06-44c4-ac73-8a02871cdc0d',	85,	'2019-10-03 06:05:58',	'2019-10-03 06:35:58',	1),
('77a536e0-646a-44ce-880d-1bc379df31ee',	29,	'2019-08-19 10:58:51',	'2019-08-19 11:28:51',	1),
('77fd4caf-0734-4f7d-9ae8-db77d16d0b50',	4,	'2019-09-06 11:34:56',	'2019-09-06 12:04:56',	1),
('78072f0e-8534-4beb-a621-fd573115ac1d',	52,	'2019-09-23 12:00:35',	'2019-09-23 12:30:35',	1),
('782c2708-17f9-42cd-b857-77c153aaaf7d',	4,	'2019-09-11 12:46:05',	'2019-09-11 13:16:05',	1),
('7857e7ee-3860-437e-b637-bb7e958a519e',	52,	'2019-09-12 19:44:24',	'2019-09-12 20:14:24',	1),
('79557e6f-f304-40ed-9986-d789aa9c4ecb',	52,	'2019-09-11 18:02:40',	'2019-09-11 18:32:40',	1),
('7bce5ec2-d67f-47f9-9c45-3f8b92e38a8f',	52,	'2019-09-09 21:36:05',	'2019-09-09 22:06:05',	1),
('7c2190f9-352a-44fe-a56e-5177c6c9703e',	4,	'2019-09-02 15:30:13',	'2019-09-02 16:00:13',	1),
('7c263b7b-0120-4df1-b324-23cafa7a8358',	29,	'2019-08-19 17:15:15',	'2019-08-19 17:45:15',	1),
('7c296359-288d-4f40-8133-c089a7a45250',	29,	'2019-08-29 17:13:06',	'2019-08-29 17:43:06',	1),
('7c4056fe-8674-448b-99b8-e999540fb05b',	52,	'2019-09-11 18:16:38',	'2019-09-11 18:46:38',	1),
('7c6801d8-c426-453b-ae8b-6059527b1a99',	21,	'2019-09-03 10:12:26',	'2019-09-03 10:42:26',	1),
('7ce5b8a4-4b4d-41be-800f-88ad3c9dda70',	44,	'2019-09-02 17:33:18',	'2019-09-02 18:03:18',	1),
('7dfa7c5d-db54-4d70-8af2-b5ecacfe6770',	52,	'2019-09-11 12:53:14',	'2019-09-11 13:23:14',	1),
('7e7ba089-69f4-461a-9c89-5ae9a022e9d4',	52,	'2019-09-09 20:37:35',	'2019-09-09 21:07:35',	1),
('7e9319a2-89a6-4467-b4ac-9dfe28f37b88',	4,	'2019-09-16 13:44:27',	'2019-09-16 14:14:27',	1),
('7eda97bd-2e04-49ab-a00d-751c7aef883f',	52,	'2019-09-08 12:26:11',	'2019-09-08 12:56:11',	1),
('7f296139-b29a-4bf0-8fb3-3279d38dd11c',	52,	'2019-09-09 22:15:13',	'2019-09-09 22:45:13',	1),
('801ba0ce-d50d-41ca-a5f5-6650f8cf7235',	25,	'2019-09-16 12:56:53',	'2019-09-16 13:26:53',	1),
('81090578-a52b-49c0-80c6-6042f9008b76',	52,	'2019-09-23 14:30:50',	'2019-09-23 15:00:50',	1),
('82616c73-92c0-4c59-bf3c-3803e4a57778',	68,	'2019-09-23 14:44:07',	'2019-09-23 15:14:07',	1),
('83648f04-f3ba-490e-b8af-f61f4105ea07',	4,	'2019-09-16 13:03:26',	'2019-09-16 13:33:26',	1),
('841f3ebc-82cf-4762-8829-3dbcf3bc26da',	4,	'2019-09-11 09:33:16',	'2019-09-11 10:03:16',	1),
('8461b20f-1c3a-45fc-bf06-8d7f3269041b',	86,	'2019-09-26 06:21:03',	'2019-09-26 06:51:03',	1),
('852b521d-c11c-48d2-96b8-b5aff1278ae0',	52,	'2019-10-09 18:02:51',	'2019-10-09 18:32:51',	1),
('856255d3-af96-40cc-b28e-c26639a8fa7c',	20,	'2019-08-13 12:52:11',	'2019-08-13 13:22:11',	1),
('8615cb01-6731-498b-9903-632a38bf48b1',	19,	'2019-08-13 08:52:43',	'2019-08-13 09:22:43',	1),
('86522f25-1c0e-4c43-9295-1c32d9b1f6ef',	83,	'2019-09-25 09:24:53',	'2019-09-25 09:54:53',	1),
('86619982-3b1f-4c81-be16-996c2a382548',	53,	'2019-10-02 10:02:12',	'2019-10-02 10:32:12',	1),
('86639867-a9f2-4ac5-b812-5bbda269f7a0',	63,	'2019-09-18 15:28:42',	'2019-09-18 15:58:42',	1),
('87586110-3d03-4c99-91c9-07d18c822ad9',	101,	'2019-10-08 04:10:31',	'2019-10-08 04:40:31',	1),
('87b78c82-76b2-47fd-8bea-2f8943686678',	4,	'2019-09-03 11:52:45',	'2019-09-03 12:22:45',	1),
('881e4d22-e80d-4a7e-a2f3-b44a71cf3bfa',	4,	'2019-09-18 14:16:20',	'2019-09-18 14:46:20',	1),
('88564ddb-c31d-4872-a54d-7f2a9d9432ec',	52,	'2019-09-23 11:27:53',	'2019-09-23 11:57:53',	1),
('88d1c848-5c55-4bf4-867b-d735b4b5a3cb',	24,	'2019-08-14 09:51:58',	'2019-08-14 10:21:58',	1),
('88efed13-622f-42c5-860b-0fe4483a3a4e',	29,	'2019-08-19 16:50:19',	'2019-08-19 17:20:19',	1),
('893a2e23-adc6-4a57-9ab2-2d6648be3bf8',	75,	'2019-09-24 15:08:18',	'2019-09-24 15:38:18',	1),
('897a588c-180b-4e43-8752-502857edf821',	4,	'2019-09-23 11:48:44',	'2019-09-23 12:18:44',	1),
('89964bd4-4acb-4ceb-93c0-4a93a5781f2e',	21,	'2019-08-13 13:27:21',	'2019-08-13 13:57:21',	1),
('8a07f446-3421-4443-9839-2870073cfad0',	52,	'2019-09-07 20:08:59',	'2019-09-07 20:38:59',	1),
('8a7936f2-c5e3-4099-a4f7-a64f44a22dde',	99,	'2019-10-05 18:32:14',	'2019-10-05 19:02:14',	1),
('8a9b0aa0-6da5-43c2-8cf3-d5600d7fda0f',	29,	'2019-08-17 03:12:17',	'2019-08-17 03:42:17',	1),
('8afe0665-a98d-43f9-941f-2b34116fbace',	52,	'2019-10-09 17:52:44',	'2019-10-09 18:22:44',	1),
('8b1a48c1-bcf7-4fe6-8bdf-0214e98f1a32',	52,	'2019-09-23 16:19:18',	'2019-09-23 16:49:18',	1),
('8b62f852-1f79-40a8-85e0-237ebaa69c4e',	52,	'2019-09-08 17:15:26',	'2019-09-08 17:45:26',	1),
('8b6c5e11-28b1-4f6d-9ead-18846d52834c',	24,	'2019-09-03 09:34:27',	'2019-09-03 10:04:27',	1),
('8c8422b4-e858-4f99-bec1-749ad0ac99fb',	4,	'2019-09-20 12:31:57',	'2019-09-20 13:01:57',	1),
('8ca0cc9e-b14c-41bb-bdb7-7cfd4fc4cc7c',	21,	'2019-09-03 10:25:30',	'2019-09-03 10:55:30',	1),
('8cd2fe56-ea7b-4831-a0ac-8bbe227d95a2',	53,	'2019-09-10 20:03:45',	'2019-09-10 20:33:45',	1),
('8d6e9385-1d3f-4391-9cf5-aecc4f6e705e',	31,	'2019-08-31 01:19:53',	'2019-08-31 01:49:53',	1),
('8d7137e3-c256-4fc8-9093-a96be4f25ac0',	52,	'2019-09-19 15:50:23',	'2019-09-19 16:20:23',	1),
('8e27b045-7c8b-42ae-9330-a6e679a5e441',	21,	'2019-09-27 19:59:28',	'2019-09-27 20:29:28',	1),
('8f1dfa39-eb43-4c94-8848-22a59c96f51d',	52,	'2019-09-09 19:27:10',	'2019-09-09 19:57:10',	1),
('8f3e5dd1-d16f-41cb-aeb6-f403e509c24c',	52,	'2019-09-09 19:55:31',	'2019-09-09 20:25:31',	1),
('8f85842c-438f-4008-8833-60e1a0719633',	4,	'2019-09-16 15:50:27',	'2019-09-16 16:20:27',	1),
('8f9b52b7-cf2f-4d4a-843c-6c37bcacdaa2',	52,	'2019-09-08 19:43:20',	'2019-09-08 20:13:20',	1),
('906322de-cd7c-4afc-8559-256a5aa3330c',	91,	'2019-10-02 09:42:37',	'2019-10-02 10:12:37',	1),
('906fb5e7-138f-4038-9316-7c4c06893ad8',	52,	'2019-09-08 12:08:47',	'2019-09-08 12:38:47',	1),
('90802129-42c9-4595-9262-f0fb37c3e196',	25,	'2019-09-04 19:32:44',	'2019-09-04 20:02:44',	1),
('90f6a185-c244-4495-a947-f4dbf88bc6d2',	52,	'2019-09-08 19:17:01',	'2019-09-08 19:47:01',	1),
('913fa93a-e557-4613-b523-10f2d2141f1d',	29,	'2019-08-26 05:56:07',	'2019-08-26 06:26:07',	1),
('91628a36-8921-48b5-8651-ee33058bf596',	52,	'2019-10-09 17:56:08',	'2019-10-09 18:26:08',	1),
('917745e1-47d4-4158-88f4-ee1e995f8333',	44,	'2019-09-02 17:25:25',	'2019-09-02 17:55:25',	1),
('91d2ac0d-bf0f-4c01-a447-381f8644c30a',	52,	'2019-09-08 12:27:26',	'2019-09-08 12:57:26',	1),
('922f6586-7819-44eb-a5da-ac1f93cbdccc',	52,	'2019-09-17 12:29:57',	'2019-09-17 12:59:57',	1),
('924094f3-3058-49e4-a7ab-4cd82d9b355b',	4,	'2019-09-16 14:05:08',	'2019-09-16 14:35:08',	1),
('92775ee3-c0f6-4d26-a1da-ae7e28bf9015',	52,	'2019-09-09 21:32:17',	'2019-09-09 22:02:17',	1),
('9302f0d0-be04-4195-9c99-272330c7a29a',	75,	'2019-10-02 09:52:47',	'2019-10-02 10:22:47',	1),
('931214d7-c2f4-4263-9514-128aa78a2bfb',	4,	'2019-09-16 10:58:57',	'2019-09-16 11:28:57',	1),
('935c7142-e1a4-45a4-8295-ad55ff35e033',	4,	'2019-09-06 12:34:29',	'2019-09-06 13:04:29',	1),
('935dd30a-789a-4ea9-a536-8cfdbd4fbb05',	29,	'2019-08-27 07:41:33',	'2019-08-27 08:11:33',	1),
('93f279e9-282f-4c0c-a480-273f609ea396',	25,	'2019-09-05 19:47:41',	'2019-09-05 20:17:41',	1),
('9465f718-ad33-4074-b7bd-ee02d2a1c917',	43,	'2019-08-31 04:17:36',	'2019-08-31 04:47:36',	1),
('94a1d925-66fd-4f32-a586-017ef7c79f07',	48,	'2019-09-05 13:52:43',	'2019-09-05 14:22:43',	1),
('952315e1-24ba-4109-8d8c-9f7378827647',	4,	'2019-09-13 12:06:23',	'2019-09-13 12:36:23',	1),
('953192aa-ba0d-4cd1-9cc1-a7c11a88edfe',	4,	'2019-09-16 13:04:45',	'2019-09-16 13:34:45',	1),
('954a9f47-644c-4946-8dd8-cc6b143217b3',	52,	'2019-09-23 16:23:32',	'2019-09-23 16:53:32',	1),
('96750a07-1933-4194-8796-e46693226af1',	52,	'2019-09-08 17:21:28',	'2019-09-08 17:51:28',	1),
('96a46d16-24f3-41e5-866d-bffa73ea5123',	4,	'2019-09-23 11:18:26',	'2019-09-23 11:48:26',	1),
('97062241-af20-4686-b515-24e71bd0f21e',	52,	'2019-10-09 08:28:55',	'2019-10-09 08:58:55',	1),
('97835266-dc3f-4640-8789-b08f09a80a25',	52,	'2019-09-23 16:23:58',	'2019-09-23 16:53:58',	1),
('97f7a230-3f44-4cea-a7d3-76f55f492354',	38,	'2019-08-30 10:17:37',	'2019-08-30 10:47:37',	1),
('97fa5aa0-2f21-4491-8fce-d9e525901c00',	52,	'2019-09-11 12:28:13',	'2019-09-11 12:58:13',	1),
('986201d1-4b54-4c93-bf14-930570f86e89',	52,	'2019-09-11 18:15:01',	'2019-09-11 18:45:01',	1),
('99ddff1e-fad7-42cc-a1e6-97e116e60150',	4,	'2019-09-10 18:36:51',	'2019-09-10 19:06:51',	1),
('9a91574e-688e-4a71-a167-2bac0450be7f',	4,	'2019-09-10 20:14:51',	'2019-09-10 20:44:51',	1),
('9acad722-3fb1-4ca1-b56f-c42be1cd9231',	52,	'2019-09-09 21:07:49',	'2019-09-09 21:37:49',	1),
('9af9028d-b7f1-4979-9b64-b574020ebad6',	52,	'2019-09-08 17:31:38',	'2019-09-08 18:01:38',	1),
('9b42def5-8569-487c-896b-06a3fee781c6',	52,	'2019-09-09 22:09:57',	'2019-09-09 22:39:57',	1),
('9c464893-ebce-44b5-90bf-21e47acce54c',	21,	'2019-08-14 17:42:43',	'2019-08-14 18:12:43',	1),
('9db07ccd-34ba-482e-bc06-3d4c3bd016ff',	55,	'2019-09-16 06:45:04',	'2019-09-16 07:15:04',	1),
('9ddd6cfe-7e6a-44bd-955c-2a17bf54b25e',	52,	'2019-09-12 19:54:47',	'2019-09-12 20:24:47',	1),
('9e0ba2b9-6d81-4423-85c2-0e1817a02da2',	52,	'2019-09-08 11:51:59',	'2019-09-08 12:21:59',	1),
('9e4ee2cc-0470-4710-a284-840df8095619',	100,	'2019-10-06 18:54:44',	'2019-10-06 19:24:44',	1),
('9e5dd74a-1c7a-46ea-951d-01abe9bffdc0',	20,	'2019-08-13 10:59:05',	'2019-08-13 11:29:05',	1),
('9e7e54f9-421c-4523-841a-5af1a6ac03b8',	4,	'2019-09-02 15:26:59',	'2019-09-02 15:56:59',	1),
('9e8c135f-2cdc-42c4-aac7-85a0756976fb',	104,	'2019-10-09 13:35:13',	'2019-10-09 14:05:13',	1),
('9e9b5738-67c3-462c-84d1-24ddee3dc40e',	52,	'2019-09-08 17:10:58',	'2019-09-08 17:40:58',	1),
('9f0835bc-4f9b-44e1-b645-5dcbf2b4801a',	52,	'2019-09-09 21:49:43',	'2019-09-09 22:19:43',	1),
('9f9a413a-1ae9-4484-b49d-3f05909e0742',	52,	'2019-09-08 11:53:53',	'2019-09-08 12:23:53',	1),
('9ff38727-5437-4f1e-9d34-f985b764f8bb',	4,	'2019-09-16 09:14:42',	'2019-09-16 09:44:42',	1),
('a0845091-0a1e-4537-ad6e-1ece933f0b21',	68,	'2019-09-24 18:43:38',	'2019-09-24 19:13:38',	1),
('a216f78e-ce44-49bf-a04b-6ee1bbf6913d',	52,	'2019-09-23 14:32:26',	'2019-09-23 15:02:26',	1),
('a24542d1-cc9b-49fa-b009-a7610f693962',	64,	'2019-09-24 15:02:58',	'2019-09-24 15:32:58',	1),
('a31488db-9444-45c5-bf9e-18d039a7d2f1',	66,	'2019-09-20 19:48:48',	'2019-09-20 20:18:48',	1),
('a351d802-bf21-425b-9132-43e4e355c59f',	29,	'2019-08-26 05:56:53',	'2019-08-26 06:26:53',	1),
('a36bee6a-27ef-4db4-a23d-e063e7ec8e3f',	4,	'2019-09-13 08:30:23',	'2019-09-13 09:00:23',	1),
('a3aac832-3016-478b-9082-5af4b3e8adbf',	52,	'2019-09-07 19:59:22',	'2019-09-07 20:29:22',	1),
('a4849693-f4df-4471-8fd4-bdfaf6c45eff',	52,	'2019-09-08 08:37:42',	'2019-09-08 09:07:42',	1),
('a52cc9ee-e126-41af-a98f-af65ea0ca7ab',	38,	'2019-09-17 17:43:25',	'2019-09-17 18:13:25',	1),
('a561daf3-3fa2-4775-9bde-d80ca54fa098',	95,	'2019-10-03 18:34:01',	'2019-10-03 19:04:01',	1),
('a59554ff-758c-4bd5-8fd5-cdae83df675b',	29,	'2019-08-25 17:20:20',	'2019-08-25 17:50:20',	1),
('a66516e0-7baa-4390-b10b-f5773aa64164',	4,	'2019-09-16 16:08:20',	'2019-09-16 16:38:20',	1),
('a69afda1-3ae1-4114-a6ed-61c3d1834ad3',	52,	'2019-09-13 09:47:33',	'2019-09-13 10:17:33',	1),
('a6c0d0e5-4082-45c8-a9cb-1dcc8be1d2cc',	68,	'2019-09-24 15:26:31',	'2019-09-24 15:56:31',	1),
('a6f34623-ff52-4fb8-8c4b-f6e59c6902b2',	52,	'2019-10-10 18:51:48',	'2019-10-10 19:21:48',	1),
('a77a362f-bede-4436-8e11-2195ad1572da',	52,	'2019-09-12 08:45:46',	'2019-09-12 09:15:46',	1),
('a83d182f-844a-4236-933b-6b8db68eb62d',	4,	'2019-09-16 09:24:41',	'2019-09-16 09:54:41',	1),
('a8c8c666-257a-4492-a330-7f1ab4101071',	52,	'2019-10-02 18:45:54',	'2019-10-02 19:15:54',	1),
('a9031d1d-1a52-404c-97fb-70b384ba3df7',	52,	'2019-09-08 12:20:06',	'2019-09-08 12:50:06',	1),
('a995286b-edb1-40d7-a0b4-5fa26d463db0',	52,	'2019-09-09 22:20:51',	'2019-09-09 22:50:51',	1),
('a9a1d6e8-6a71-44b0-909a-c7e62c1ce4b8',	44,	'2019-08-31 09:29:11',	'2019-08-31 09:59:11',	1),
('aa252243-3bab-4fc3-96c6-946a3988a73d',	4,	'2019-09-17 10:06:22',	'2019-09-17 10:36:22',	1),
('aa4cfe40-187b-4dfb-b73b-8e0b61420e07',	21,	'2019-09-03 10:32:09',	'2019-09-03 11:02:09',	1),
('aa85fea4-f94e-4f45-845c-029ffd0c19c8',	52,	'2019-09-09 20:47:24',	'2019-09-09 21:17:24',	1),
('aa95fc8b-a3d0-42c4-8569-8c265b696403',	25,	'2019-08-15 08:01:07',	'2019-08-15 08:31:07',	1),
('aaa4a2e4-c87d-4c23-b963-64e253c8b240',	39,	'2019-08-28 19:39:07',	'2019-08-28 20:09:07',	1),
('aafe5a32-23e0-4ed7-8062-f3fbe2de46c8',	52,	'2019-09-23 11:56:41',	'2019-09-23 12:26:41',	1),
('ab176b6a-7329-4f7f-a4f0-c8ba7624892a',	46,	'2019-09-02 15:00:19',	'2019-09-02 15:30:19',	1),
('ab2fc1e1-608d-4693-a67e-57e12197a4e5',	21,	'2019-08-15 10:32:52',	'2019-08-15 11:02:52',	1),
('acae6a6b-2d68-44fa-a55b-bbc8ab13077e',	52,	'2019-09-08 19:15:23',	'2019-09-08 19:45:23',	1),
('acd54e28-a06b-4a7c-a0cb-7157b3cbbcda',	52,	'2019-09-23 14:43:20',	'2019-09-23 15:13:20',	1),
('ade7616d-4b88-4d8e-be02-a5eec6813095',	80,	'2019-10-09 19:13:00',	'2019-10-09 19:43:00',	1),
('ae5eb2c4-d973-45fb-90e5-a7c884c4619b',	24,	'2019-08-14 08:28:06',	'2019-08-14 08:58:06',	1),
('ae6e6c56-74e0-47e5-9827-34d0357c704e',	49,	'2019-09-07 14:34:00',	'2019-09-07 15:04:00',	1),
('af5bc352-c6b0-465a-96ea-71bff94dc88c',	4,	'2019-09-16 11:47:22',	'2019-09-16 12:17:22',	1),
('afe22f6f-369c-4285-8bbd-b819b043b945',	4,	'2019-09-13 11:32:35',	'2019-09-13 12:02:35',	1),
('b01e7630-0f55-4420-ac22-ff64da9f806f',	4,	'2019-09-16 12:08:07',	'2019-09-16 12:38:07',	1),
('b05dd1d5-1323-41b9-b33a-0c221dac5d05',	55,	'2019-09-12 19:21:57',	'2019-09-12 19:51:57',	1),
('b14a6a40-bff4-4131-85a5-7807e549d26c',	4,	'2019-09-06 12:51:36',	'2019-09-06 13:21:36',	1),
('b305feb7-0f3b-447c-8476-c6ac88da6b75',	89,	'2019-09-30 17:14:17',	'2019-09-30 17:44:17',	1),
('b342c150-e0ab-4872-9e03-e125336995ba',	52,	'2019-09-23 08:06:15',	'2019-09-23 08:36:15',	1),
('b352a1e2-4365-4fb7-8351-f03205ea2c0f',	102,	'2019-10-08 07:45:31',	'2019-10-08 08:15:31',	1),
('b3bb4283-b3fa-4c67-81be-df2a6bfc8452',	52,	'2019-09-08 11:36:19',	'2019-09-08 12:06:19',	1),
('b3ecb9a8-1e6c-45b2-81c6-59daaa6a9663',	4,	'2019-09-13 15:08:01',	'2019-09-13 15:38:01',	1),
('b4502aeb-d12a-47c4-b62e-c7f675abe459',	52,	'2019-09-08 12:35:18',	'2019-09-08 13:05:18',	1),
('b5536862-7e63-413d-81cd-43dd845099dc',	1,	'2019-09-07 15:23:03',	'2019-09-07 15:53:03',	1),
('b5fa272b-821e-4eef-85ec-3e41c560d4d3',	4,	'2019-09-16 15:59:04',	'2019-09-16 16:29:04',	1),
('b6d4522c-331b-4d71-a5ce-6c395cd78826',	4,	'2019-09-18 14:58:02',	'2019-09-18 15:28:02',	1),
('b6e2d3e7-867a-4f82-9938-e326dabd70de',	52,	'2019-10-02 18:46:59',	'2019-10-02 19:16:59',	1),
('b83a3bef-804d-4633-9741-e941b17ef904',	43,	'2019-08-31 04:13:13',	'2019-08-31 04:43:13',	1),
('b8ba93a0-8ceb-4dd4-9464-effd97e973b8',	103,	'2019-10-09 08:19:11',	'2019-10-09 08:49:11',	1),
('b92c0478-c22a-46bc-a18c-4716078dde5e',	4,	'2019-09-08 19:33:34',	'2019-09-08 20:03:34',	1),
('b9571ee3-199f-49de-907d-1d39d9ba8e41',	29,	'2019-09-02 17:15:23',	'2019-09-02 17:45:23',	1),
('ba6a7b77-d8cb-4c3c-9e51-6a1eacbe0c45',	4,	'2019-09-06 13:04:16',	'2019-09-06 13:34:16',	1),
('bae2751e-3c6e-46e5-a321-f9c31b4b079a',	4,	'2019-09-23 11:22:05',	'2019-09-23 11:52:05',	1),
('bae8028a-1260-4817-8fb9-442740f04565',	52,	'2019-09-09 22:26:01',	'2019-09-09 22:56:01',	1),
('bbddd1e7-ed52-4216-a86a-0786ed854f5f',	29,	'2019-09-02 13:16:39',	'2019-09-02 13:46:39',	1),
('bbebf6ff-966c-4b8d-963b-5a6b3477a9fa',	52,	'2019-09-08 18:18:04',	'2019-09-08 18:48:04',	1),
('bbec3778-1db0-4416-9728-78a159e4a6d4',	52,	'2019-09-13 10:03:55',	'2019-09-13 10:33:55',	1),
('bc2c06db-ffdc-49b8-891c-4c1fec13bbe5',	52,	'2019-09-13 09:40:57',	'2019-09-13 10:10:57',	1),
('bd13e8b6-2779-4182-bca0-763d2464bc76',	52,	'2019-09-08 11:59:57',	'2019-09-08 12:29:57',	1),
('bd64e754-b26c-4fb2-a440-d9879f0c3c8e',	4,	'2019-09-16 09:19:34',	'2019-09-16 09:49:34',	1),
('bd7c7baa-0679-4988-abbc-d35da3d2ce2a',	52,	'2019-09-16 15:24:35',	'2019-09-16 15:54:35',	1),
('bdb5f7f7-16de-42d6-b478-fe39f5e10ac8',	52,	'2019-09-08 17:42:06',	'2019-09-08 18:12:06',	1),
('bdfede11-22eb-42b4-8463-032553a52cd3',	52,	'2019-09-23 16:11:26',	'2019-09-23 16:41:26',	1),
('befcbf0f-781a-4fe6-8a2c-a9f92ff20b7f',	52,	'2019-09-08 12:10:52',	'2019-09-08 12:40:52',	1),
('bf6cb79d-1adb-45ef-8f9b-507ca66c5df5',	52,	'2019-09-23 16:18:12',	'2019-09-23 16:48:12',	1),
('bf90685e-f83d-4005-b500-ccd0028a0c12',	52,	'2019-09-23 11:17:19',	'2019-09-23 11:47:19',	1),
('bff1a7f6-8a12-4a6d-9244-bfb7ba06a78d',	4,	'2019-09-12 07:45:59',	'2019-09-12 08:15:59',	1),
('c05bb4ab-ee69-4cad-9ec8-1359e2a7cf48',	36,	'2019-09-09 16:30:40',	'2019-09-09 17:00:40',	1),
('c0a14041-035a-495e-a294-58717df6d2e2',	34,	'2019-08-27 07:27:03',	'2019-08-27 07:57:03',	1),
('c0aa64e4-a5ce-4bd4-a08d-f710dce66941',	52,	'2019-09-23 11:21:50',	'2019-09-23 11:51:50',	1),
('c0e43b8c-ec5f-4320-bcac-dd6b346045e3',	29,	'2019-08-28 12:58:42',	'2019-08-28 13:28:42',	1),
('c16c78a1-b9f5-455d-95db-f293cb109c0b',	52,	'2019-09-12 19:45:24',	'2019-09-12 20:15:24',	1),
('c17047ef-30ee-4d1a-9261-b804fb0f10fd',	4,	'2019-09-11 12:23:35',	'2019-09-11 12:53:35',	1),
('c17a4f59-a134-4c50-92e1-b4bbad50dea2',	4,	'2019-09-16 14:14:30',	'2019-09-16 14:44:30',	1),
('c1949e36-d671-4319-9bba-30923b2b054e',	52,	'2019-09-09 19:35:01',	'2019-09-09 20:05:01',	1),
('c3bdc423-6f37-4f52-ab47-0a8ee6d49a36',	29,	'2019-08-26 07:59:10',	'2019-08-26 08:29:10',	1),
('c5694eac-76e0-4a2d-82e8-e33944f340d2',	52,	'2019-09-11 20:04:05',	'2019-09-11 20:34:05',	1),
('c5822d56-0013-42bc-9d8e-b2d6f768d27b',	4,	'2019-09-17 09:41:46',	'2019-09-17 10:11:46',	1),
('c5fa5037-5ca6-4097-831c-6f5000ac52f3',	52,	'2019-09-20 12:20:19',	'2019-09-20 12:50:19',	1),
('c6aa1663-40ea-4112-9cfe-d5466d2c467e',	52,	'2019-09-12 19:37:41',	'2019-09-12 20:07:41',	1),
('c70b7150-6999-4800-90ff-bf48915b548f',	21,	'2019-08-13 13:34:36',	'2019-08-13 14:04:36',	1),
('c7167a9a-ae51-40f3-82e4-b4dc42a0c773',	29,	'2019-08-29 16:20:11',	'2019-08-29 16:50:11',	1),
('c79c2664-c979-451b-9903-c1b16df10bcd',	21,	'2019-09-06 11:10:53',	'2019-09-06 11:40:53',	1),
('c85e1799-4e71-4961-a33c-2160cf726444',	4,	'2019-09-11 12:17:02',	'2019-09-11 12:47:02',	1),
('c9247918-6af2-4bc0-8546-6e819cea9b1f',	52,	'2019-09-13 09:57:27',	'2019-09-13 10:27:27',	1),
('ca96d8d4-4492-4d1c-bf8e-4047422cd834',	36,	'2019-08-27 13:08:08',	'2019-08-27 13:38:08',	1),
('ca9c4d75-0a6c-40f1-93c1-b608a63af3ed',	52,	'2019-09-11 18:03:40',	'2019-09-11 18:33:40',	1),
('caf3a82d-48f3-4acd-b96e-a0839ea06937',	21,	'2019-09-03 10:04:52',	'2019-09-03 10:34:52',	1),
('cc317290-0992-4840-82fb-85c441ef3d11',	52,	'2019-09-12 20:00:12',	'2019-09-12 20:30:12',	1),
('cc902e9d-af96-4575-8e6d-d9d95c4b2e36',	52,	'2019-09-11 17:56:39',	'2019-09-11 18:26:39',	1),
('cdcb143b-ae2f-4ec1-8594-c57a83a68563',	80,	'2019-10-10 07:53:38',	'2019-10-10 08:23:38',	1),
('cdffade0-303a-4c08-be46-7df5da0d2155',	52,	'2019-09-23 11:16:14',	'2019-09-23 11:46:14',	1),
('ce470cf0-acce-4732-9f85-c36e88ce2f13',	25,	'2019-09-07 20:24:45',	'2019-09-07 20:54:45',	1),
('ce5b46c5-18fc-406a-8a94-fe5372059cf4',	21,	'2019-09-03 10:03:55',	'2019-09-03 10:33:55',	1),
('ceb741da-c3c1-4653-ba44-d0db3d2af71c',	4,	'2019-09-19 16:11:53',	'2019-09-19 16:41:53',	1),
('cf098513-019f-4b82-8d45-32a0a4a6bdab',	25,	'2019-08-14 09:48:09',	'2019-08-14 10:18:09',	1),
('cf5393d8-ee50-4a0a-ba37-d9d0e6f2d6b9',	56,	'2019-09-16 09:15:35',	'2019-09-16 09:45:35',	1),
('cfd5b070-727a-49af-9f58-aaafb1bba5c9',	88,	'2019-09-26 15:45:50',	'2019-09-26 16:15:50',	1),
('d07e4bf5-1868-4efd-9d17-53fc502ed2a6',	85,	'2019-09-26 06:16:10',	'2019-09-26 06:46:10',	1),
('d0b08ce3-2d2b-435c-b3d9-cf60db2b7499',	4,	'2019-10-02 11:55:01',	'2019-10-02 12:25:01',	1),
('d0b11766-28c4-4962-8ff5-80444c504704',	52,	'2019-09-11 18:06:40',	'2019-09-11 18:36:40',	1),
('d0f1eed7-20da-4ef6-b0bc-7b846e731a88',	4,	'2019-09-11 10:35:25',	'2019-09-11 11:05:25',	1),
('d17216ee-c8bc-4c33-9953-7e338f79939b',	21,	'2019-09-19 15:36:54',	'2019-09-19 16:06:54',	1),
('d17392f7-216b-47d4-8864-541a875c76e8',	4,	'2019-09-23 11:50:56',	'2019-09-23 12:20:56',	1),
('d2205939-1698-4def-a7b3-e88f75758fb3',	97,	'2019-10-04 10:11:40',	'2019-10-04 10:41:40',	1),
('d27a34a1-d905-4f14-aced-c2ae5258a6d1',	85,	'2019-09-26 06:07:28',	'2019-09-26 06:37:28',	1),
('d2a3a6bf-3ab5-41d0-93c4-2145c363ef70',	35,	'2019-08-27 10:45:40',	'2019-08-27 11:15:40',	1),
('d31ff700-3ddf-4518-92a0-a35c3d004693',	52,	'2019-09-11 19:59:15',	'2019-09-11 20:29:15',	1),
('d4c4222f-49ca-4f53-a74a-8799fef9f98c',	68,	'2019-09-24 16:00:40',	'2019-09-24 16:30:40',	1),
('d4f78728-9971-41ca-86bb-091411cec563',	52,	'2019-09-23 12:09:02',	'2019-09-23 12:39:02',	1),
('d5160a36-c987-4b44-a1d4-7395144105b0',	68,	'2019-09-24 15:06:57',	'2019-09-24 15:36:57',	1),
('d66a8f9b-19d9-44b4-9110-276526593f90',	44,	'2019-09-02 17:26:27',	'2019-09-02 17:56:27',	1),
('d6955a0d-d47e-488e-b3e8-41ee70f89ffc',	4,	'2019-09-10 17:40:35',	'2019-09-10 18:10:35',	1),
('d7faac54-c4b8-4812-b52a-5bcff77cdd2b',	52,	'2019-09-12 19:27:39',	'2019-09-12 19:57:39',	1),
('d888bd05-f3b3-4edb-8d91-430376c60858',	36,	'2019-09-12 10:59:13',	'2019-09-12 11:29:13',	1),
('d89dbfeb-118f-4510-a457-d77798b10966',	63,	'2019-09-18 10:06:01',	'2019-09-18 10:36:01',	1),
('d8dbff4c-62ba-4fee-ab16-e46d4374d2ef',	4,	'2019-09-12 08:52:52',	'2019-09-12 09:22:52',	1),
('d8fa6ed6-2939-4da1-97f2-567bf0f64265',	21,	'2019-09-03 10:01:46',	'2019-09-03 10:31:46',	1),
('d9f5837c-ea0a-4c94-8d8c-0a6650a88024',	52,	'2019-09-08 12:31:08',	'2019-09-08 13:01:08',	1),
('daf69439-884f-4ad3-af1f-41cea35db424',	4,	'2019-09-23 11:21:43',	'2019-09-23 11:51:43',	1),
('db85dce3-5b7d-484e-b125-dcffb44e4f98',	29,	'2019-08-22 06:44:09',	'2019-08-22 07:14:09',	1),
('dbe901da-ce73-4ffe-9366-eba594e610fb',	21,	'2019-08-13 15:54:17',	'2019-08-13 16:24:17',	1),
('dc04e645-81cc-41ce-9208-6abd235e9ff9',	29,	'2019-09-02 17:33:04',	'2019-09-02 18:03:04',	1),
('dc2bbd4a-d12d-4901-b554-13a2d73bc68c',	52,	'2019-09-08 17:37:34',	'2019-09-08 18:07:34',	1),
('dc654eb5-7851-42be-86c6-eca6869d0063',	52,	'2019-09-08 11:49:59',	'2019-09-08 12:19:59',	1),
('dc9b10cb-485c-4e61-aa8b-14a826bd567d',	32,	'2019-08-26 14:01:09',	'2019-08-26 14:31:09',	1),
('dcc53bae-4a99-4f19-868f-7ad3f7a90edd',	4,	'2019-09-16 12:18:38',	'2019-09-16 12:48:38',	1),
('ddd74a4b-98f0-4ff3-98e4-d840d3a93fa6',	52,	'2019-09-08 12:38:15',	'2019-09-08 13:08:15',	1),
('de06ee31-e86d-4ddb-a90d-14d67351417e',	52,	'2019-09-09 19:45:38',	'2019-09-09 20:15:38',	1),
('df92febb-15f5-4826-a662-085b3b45b4e3',	52,	'2019-10-02 08:17:52',	'2019-10-02 08:47:52',	1),
('e0018241-aa47-4a28-adb3-555eb0c0b71b',	20,	'2019-08-13 13:29:39',	'2019-08-13 13:59:39',	1),
('e07a4a96-2c15-452d-9212-6405886690b0',	52,	'2019-09-08 13:32:31',	'2019-09-08 14:02:31',	1),
('e0fcccd8-8f56-4180-8efc-3812dabb3901',	52,	'2019-09-23 11:44:24',	'2019-09-23 12:14:24',	1),
('e11a16a9-2ce1-4fc1-ba90-1b3449a632b1',	4,	'2019-09-10 15:30:05',	'2019-09-10 16:00:05',	1),
('e137306c-974f-4da9-aa2c-32c36ce3568c',	52,	'2019-09-08 11:10:26',	'2019-09-08 11:40:26',	1),
('e1d4f27f-b8f5-465a-b319-2c46452ecab5',	52,	'2019-09-12 19:56:56',	'2019-09-12 20:26:56',	1),
('e1e9a0e8-edcc-440b-aabd-daa9b6fe0496',	52,	'2019-09-11 17:22:49',	'2019-09-11 17:52:49',	1),
('e247ebc7-5834-4108-a987-9b959acc1b9a',	52,	'2019-09-11 17:22:27',	'2019-09-11 17:52:27',	1),
('e2cf7eb7-f3c4-4fd7-8dec-6c2931a563a1',	4,	'2019-09-02 17:37:34',	'2019-09-02 18:07:34',	1),
('e2eca081-8dca-4747-848d-e1383784059d',	21,	'2019-08-19 11:38:19',	'2019-08-19 12:08:19',	1),
('e36cf339-96f7-43b3-a2a4-bc7e5c36637d',	52,	'2019-09-09 19:31:15',	'2019-09-09 20:01:15',	1),
('e4bafbc7-071b-4268-add5-8522728b0d67',	52,	'2019-09-09 22:08:54',	'2019-09-09 22:38:54',	1),
('e5998402-2949-4c68-85fe-cc170d734d61',	68,	'2019-09-26 06:04:10',	'2019-09-26 06:34:10',	1),
('e6e4df5e-5372-40fc-a8d1-d58e35bf161b',	4,	'2019-09-13 06:38:29',	'2019-09-13 07:08:29',	1),
('e788acf3-4a87-49a9-8916-f6fbd8421fc7',	52,	'2019-09-11 18:05:20',	'2019-09-11 18:35:20',	1),
('e79b19a6-4fa1-4a30-acd9-a172298f5666',	86,	'2019-09-26 06:08:04',	'2019-09-26 06:38:04',	1),
('e7dd5db9-0e03-4073-a204-d606a20e1233',	20,	'2019-08-13 09:28:52',	'2019-08-13 09:58:52',	1),
('e7e218b6-4706-471f-a834-bf0c1ab81287',	52,	'2019-10-09 18:02:14',	'2019-10-09 18:32:14',	1),
('e8dc61c2-cb9c-4658-afa6-c69a9de5962d',	93,	'2019-10-02 19:28:32',	'2019-10-02 19:58:32',	1),
('e973cef1-44bc-4610-902c-c20582e8c820',	4,	'2019-09-10 19:06:13',	'2019-09-10 19:36:13',	1),
('ea57ff28-632a-4641-9164-7439def7ae62',	68,	'2019-09-24 15:10:00',	'2019-09-24 15:40:00',	1),
('eaeb4b13-739d-44c6-ad05-b53e3d1cf294',	25,	'2019-09-10 11:46:31',	'2019-09-10 12:16:31',	1),
('eb2d82fd-30f4-4017-bb78-734d6765bb57',	52,	'2019-09-09 07:18:09',	'2019-09-09 07:48:09',	1),
('eba10e1d-f5ad-4118-90d6-fd746b796e8a',	4,	'2019-09-16 10:27:45',	'2019-09-16 10:57:45',	1),
('ec6ac517-e761-4c35-98b9-26881bbddc21',	52,	'2019-09-23 11:30:08',	'2019-09-23 12:00:08',	1),
('ed3acee8-1505-4da2-8e5c-46e35b2ee89d',	21,	'2019-09-03 09:49:06',	'2019-09-03 10:19:06',	1),
('ed55e7f8-d2d4-4261-9dae-dfa67d0a2744',	80,	'2019-09-24 18:13:29',	'2019-09-24 18:43:29',	1),
('ed76b93c-cb75-4fc2-8fa7-a05a95eeea39',	52,	'2019-09-08 11:54:55',	'2019-09-08 12:24:55',	1),
('ee5ee790-f61b-4c40-9948-842e59c22083',	20,	'2019-08-13 09:12:41',	'2019-08-13 09:42:41',	1),
('eeb80078-5fb3-483e-adda-ff97e3e399c8',	52,	'2019-09-11 13:00:21',	'2019-09-11 13:30:21',	1),
('eee78067-7806-4ca1-9fc9-4feb8de334d4',	70,	'2019-09-23 19:15:06',	'2019-09-23 19:45:06',	1),
('efe0b808-ebbb-4b40-bc82-0c85cdc0a008',	52,	'2019-09-08 12:36:34',	'2019-09-08 13:06:34',	1),
('f0542160-74f6-4ce8-a648-c00c38299dd4',	52,	'2019-09-19 15:25:32',	'2019-09-19 15:55:32',	1),
('f059cc41-0dba-4aaa-851d-fa9293aecf9e',	21,	'2019-09-03 10:00:23',	'2019-09-03 10:30:23',	1),
('f0b35cc9-24e8-4eca-9d6b-5504e571d47e',	4,	'2019-09-23 11:42:46',	'2019-09-23 12:12:46',	1),
('f1588cb0-094b-4fa9-83bd-c08ddd74c8a5',	36,	'2019-09-18 08:37:09',	'2019-09-18 09:07:09',	1),
('f176bb7f-9a1b-4059-9072-1f22c420a538',	52,	'2019-09-11 18:01:17',	'2019-09-11 18:31:17',	1),
('f1defc30-acfb-4e18-b0f6-0c495110139f',	48,	'2019-09-05 21:25:59',	'2019-09-05 21:55:59',	1),
('f1f02e48-a750-4852-b5ce-efc6d871a6d7',	52,	'2019-09-08 17:18:42',	'2019-09-08 17:48:42',	1),
('f26b3e83-d670-45e7-b5b6-859dfd26a4c4',	41,	'2019-08-30 05:16:15',	'2019-08-30 05:46:15',	1),
('f285b87c-6102-456a-92cc-ef79b000683d',	98,	'2019-10-05 14:21:27',	'2019-10-05 14:51:27',	1),
('f33cde87-d9a6-4b3d-97cf-968b5b6b61b2',	21,	'2019-09-03 10:21:35',	'2019-09-03 10:51:35',	1),
('f36894eb-2af0-4f19-b147-20d351cf312a',	29,	'2019-08-31 08:26:14',	'2019-08-31 08:56:14',	1),
('f435dda4-4136-456c-ad2e-c50634799e94',	4,	'2019-09-16 09:52:30',	'2019-09-16 10:22:30',	1),
('f5b5cefa-1d68-402b-a904-9cc2a72e1e5d',	26,	'2019-08-15 12:41:43',	'2019-08-15 13:11:43',	1),
('f5ebae70-6935-4d90-b4b3-2d0e795c1a01',	52,	'2019-09-08 17:13:17',	'2019-09-08 17:43:17',	1),
('f5faf31c-4707-47f3-afec-1608ee68fd30',	44,	'2019-09-02 17:24:12',	'2019-09-02 17:54:12',	1),
('f672e7f6-d2b2-457f-b8a4-b99eff8d5392',	52,	'2019-09-12 19:56:17',	'2019-09-12 20:26:17',	1),
('f6bf0c70-6aaa-43fb-864b-58e555f57b39',	52,	'2019-09-23 16:12:14',	'2019-09-23 16:42:14',	1),
('f6c13b20-3247-420c-8540-9c62e84cf61d',	52,	'2019-09-09 20:39:02',	'2019-09-09 21:09:02',	1),
('f762e92d-9abc-4f56-a6de-76f7e135027c',	45,	'2019-09-02 07:00:46',	'2019-09-02 07:30:46',	1),
('f7808de7-049e-4f55-908e-4c529e10c666',	4,	'2019-09-17 13:09:35',	'2019-09-17 13:39:35',	1),
('f79dff58-9201-4609-998f-5459e288aa6f',	52,	'2019-09-11 18:13:54',	'2019-09-11 18:43:54',	1),
('f83bea47-b4c5-425a-899b-86ad9bd3ae8b',	4,	'2019-08-06 18:32:49',	'2019-08-06 19:02:49',	1),
('f865d732-fc6c-4755-8f2d-571e76e8ff1d',	29,	'2019-09-02 17:16:53',	'2019-09-02 17:46:53',	1),
('f8724899-6f52-4c87-a65c-3947ca8394a9',	52,	'2019-09-11 20:02:44',	'2019-09-11 20:32:44',	1),
('f8ba9ebb-767f-4568-96ac-37dd1385e670',	68,	'2019-09-24 16:49:33',	'2019-09-24 17:19:33',	1),
('f9a65096-8459-4019-9aa9-beff22a28912',	96,	'2019-10-03 21:03:37',	'2019-10-03 21:33:37',	1),
('fab107d0-75cf-4e4f-94cb-ec1e5a167080',	4,	'2019-09-23 11:53:59',	'2019-09-23 12:23:59',	1),
('faeb08bd-ee9f-4a92-9562-6c1e67bbade6',	21,	'2019-09-03 10:20:10',	'2019-09-03 10:50:10',	1),
('faf73890-6292-46d3-916a-aba0c6021e40',	45,	'2019-09-03 06:22:10',	'2019-09-03 06:52:10',	1),
('fb5068d6-c42d-4b40-9cb1-14720dca426e',	86,	'2019-10-03 06:06:26',	'2019-10-03 06:36:26',	1),
('fb6ae113-f949-4df5-a649-098942e43cc4',	54,	'2019-09-11 10:55:34',	'2019-09-11 11:25:34',	1),
('fbc46512-6273-4cdd-add5-321576c56b04',	4,	'2019-09-16 13:44:34',	'2019-09-16 14:14:34',	1),
('fc266a38-0053-495d-b901-293c100b244a',	4,	'2019-09-23 14:14:39',	'2019-09-23 14:44:39',	1),
('fc3d234f-8e68-49e8-a669-9173359e9b0d',	20,	'2019-08-13 09:34:37',	'2019-08-13 10:04:37',	1),
('fd62a879-886f-46b4-8fb1-37971dd1cdc5',	52,	'2019-09-11 20:05:31',	'2019-09-11 20:35:31',	1),
('fd997503-9a4d-42dc-8dfe-44736ff94193',	4,	'2019-09-16 12:08:13',	'2019-09-16 12:38:13',	1),
('fdea0070-e2f5-4d5c-b928-68f3518278c7',	29,	'2019-08-22 05:29:06',	'2019-08-22 05:59:06',	1),
('fdf9ec68-141c-47bb-a2dd-80a8a78d5053',	52,	'2019-09-09 17:29:23',	'2019-09-09 17:59:23',	1),
('ff3c9d5f-2243-4dfb-8766-4d61508b7446',	69,	'2019-09-23 19:13:44',	'2019-09-23 19:43:44',	1),
('ff62581e-f201-4eb6-ad44-ffa4eff640f4',	52,	'2019-09-08 19:45:39',	'2019-09-08 20:15:39',	1),
('ff829dc1-0e0c-4e5c-bc39-ada11b76894f',	4,	'2019-09-11 12:45:04',	'2019-09-11 13:15:04',	1),
('ff8f68a1-07c4-429a-8938-c6498c7aa42a',	29,	'2019-09-02 17:17:37',	'2019-09-02 17:47:37',	1),
('ffec2692-8a3f-47a4-8e9e-7ff49bd7cbec',	29,	'2019-08-21 17:30:40',	'2019-08-21 18:00:40',	1);

DROP TABLE IF EXISTS `tag__tag`;
CREATE TABLE `tag__tag` (
  `id` varchar(255) COLLATE utf8_unicode_ci NOT NULL,
  `name` varchar(255) COLLATE utf8_unicode_ci NOT NULL,
  PRIMARY KEY (`id`)
) ENGINE=InnoDB DEFAULT CHARSET=utf8 COLLATE=utf8_unicode_ci;

INSERT INTO `tag__tag` (`id`, `name`) VALUES
('BETTER_SLEEP',	''),
('CONTACT_WITH_BODY',	''),
('FOCUS_AND_PRODUCTIVITY',	''),
('LOTS_OF_EXPERIENCE',	''),
('MENTAL_HEALTH',	''),
('MILD_EXPERIENCE',	''),
('NO_EXPERIENCE',	''),
('PERSONAL_GROWTH',	''),
('STRESS_AND_ANXIETY',	'');

DROP TABLE IF EXISTS `user__tag`;
CREATE TABLE `user__tag` (
  `userentity_id` int(11) NOT NULL,
  `tag_id` varchar(255) COLLATE utf8_unicode_ci NOT NULL,
  PRIMARY KEY (`userentity_id`,`tag_id`),
  KEY `IDX_3463E2B04F68DC3D` (`userentity_id`),
  KEY `IDX_3463E2B0BAD26311` (`tag_id`),
  CONSTRAINT `FK_3463E2B04F68DC3D` FOREIGN KEY (`userentity_id`) REFERENCES `user__user` (`id`) ON DELETE CASCADE,
  CONSTRAINT `FK_3463E2B0BAD26311` FOREIGN KEY (`tag_id`) REFERENCES `tag__tag` (`id`) ON DELETE CASCADE
) ENGINE=InnoDB DEFAULT CHARSET=utf8 COLLATE=utf8_unicode_ci;

INSERT INTO `user__tag` (`userentity_id`, `tag_id`) VALUES
(4,	'BETTER_SLEEP'),
(4,	'CONTACT_WITH_BODY'),
(25,	'MENTAL_HEALTH'),
(29,	'FOCUS_AND_PRODUCTIVITY'),
(29,	'PERSONAL_GROWTH'),
(38,	'PERSONAL_GROWTH'),
(53,	'CONTACT_WITH_BODY'),
(53,	'FOCUS_AND_PRODUCTIVITY'),
(64,	'MENTAL_HEALTH'),
(65,	'STRESS_AND_ANXIETY'),
(66,	'BETTER_SLEEP'),
(66,	'CONTACT_WITH_BODY'),
(68,	'BETTER_SLEEP'),
(68,	'FOCUS_AND_PRODUCTIVITY'),
(68,	'PERSONAL_GROWTH'),
(70,	'MENTAL_HEALTH'),
(75,	'BETTER_SLEEP'),
(79,	'BETTER_SLEEP'),
(79,	'CONTACT_WITH_BODY'),
(79,	'FOCUS_AND_PRODUCTIVITY'),
(79,	'MENTAL_HEALTH'),
(79,	'PERSONAL_GROWTH'),
(79,	'STRESS_AND_ANXIETY'),
(80,	'PERSONAL_GROWTH'),
(85,	'BETTER_SLEEP'),
(85,	'FOCUS_AND_PRODUCTIVITY'),
(85,	'PERSONAL_GROWTH'),
(86,	'BETTER_SLEEP'),
(86,	'FOCUS_AND_PRODUCTIVITY'),
(86,	'PERSONAL_GROWTH'),
(89,	'BETTER_SLEEP'),
(90,	'BETTER_SLEEP'),
(92,	'BETTER_SLEEP'),
(92,	'CONTACT_WITH_BODY'),
(92,	'FOCUS_AND_PRODUCTIVITY'),
(92,	'MENTAL_HEALTH'),
(92,	'PERSONAL_GROWTH'),
(92,	'STRESS_AND_ANXIETY'),
(93,	'STRESS_AND_ANXIETY'),
(94,	'PERSONAL_GROWTH'),
(95,	'BETTER_SLEEP'),
(95,	'CONTACT_WITH_BODY'),
(95,	'MENTAL_HEALTH'),
(95,	'STRESS_AND_ANXIETY'),
(96,	'MENTAL_HEALTH'),
(96,	'STRESS_AND_ANXIETY'),
(97,	'BETTER_SLEEP'),
(97,	'CONTACT_WITH_BODY'),
(97,	'FOCUS_AND_PRODUCTIVITY'),
(97,	'MENTAL_HEALTH'),
(97,	'PERSONAL_GROWTH'),
(97,	'STRESS_AND_ANXIETY'),
(99,	'PERSONAL_GROWTH'),
(101,	'MENTAL_HEALTH'),
(102,	'BETTER_SLEEP'),
(102,	'CONTACT_WITH_BODY'),
(102,	'PERSONAL_GROWTH'),
(102,	'STRESS_AND_ANXIETY'),
(103,	'PERSONAL_GROWTH'),
(104,	'CONTACT_WITH_BODY'),
(104,	'PERSONAL_GROWTH'),
(105,	'CONTACT_WITH_BODY'),
(105,	'FOCUS_AND_PRODUCTIVITY'),
(105,	'MENTAL_HEALTH'),
(105,	'PERSONAL_GROWTH'),
(105,	'STRESS_AND_ANXIETY');

DROP TABLE IF EXISTS `user__user`;
CREATE TABLE `user__user` (
  `id` int(11) NOT NULL AUTO_INCREMENT,
  `active` tinyint(1) NOT NULL,
  `created` datetime NOT NULL,
  `email` varchar(255) COLLATE utf8_unicode_ci NOT NULL,
  `facebook_token` varchar(255) COLLATE utf8_unicode_ci DEFAULT NULL,
  `name` varchar(255) COLLATE utf8_unicode_ci NOT NULL,
  `google_token` varchar(255) COLLATE utf8_unicode_ci DEFAULT NULL,
  `last_login` datetime DEFAULT NULL,
  `surname` varchar(255) COLLATE utf8_unicode_ci NOT NULL,
  `password` varchar(255) COLLATE utf8_unicode_ci DEFAULT NULL,
  `password_reset_hash` varchar(255) COLLATE utf8_unicode_ci DEFAULT NULL,
  `role` varchar(255) COLLATE utf8_unicode_ci NOT NULL,
  `experience_id` varchar(255) COLLATE utf8_unicode_ci DEFAULT NULL,
  `full_version_expiration` datetime DEFAULT NULL,
  PRIMARY KEY (`id`),
  UNIQUE KEY `UNIQ_32745D0AE7927C74` (`email`),
  KEY `IDX_32745D0A57698A6A` (`role`),
  KEY `IDX_32745D0A46E90E27` (`experience_id`),
  CONSTRAINT `FK_32745D0A46E90E27` FOREIGN KEY (`experience_id`) REFERENCES `tag__tag` (`id`) ON DELETE SET NULL
) ENGINE=InnoDB DEFAULT CHARSET=utf8 COLLATE=utf8_unicode_ci;

INSERT INTO `user__user` (`id`, `active`, `created`, `email`, `facebook_token`, `name`, `google_token`, `last_login`, `surname`, `password`, `password_reset_hash`, `role`, `experience_id`, `full_version_expiration`) VALUES
(1,	1,	'2019-08-06 16:37:18',	'info@tomaspavlik.cz',	NULL,	'Tomas',	NULL,	'2019-08-06 16:37:18',	'Pavlik',	'$2y$10$PrmelFOsYpBIcXrzGWcb8.WPVv/cu9a403FrZhs4sl/jH/2YJUUCC',	NULL,	'ADMIN',	NULL,	NULL),
(4,	1,	'2019-08-06 18:32:49',	'ptest2@test.com',	NULL,	'ptest abc',	NULL,	'2019-08-06 18:32:49',	'testtesttest',	'$2y$10$VzVQviRSKMUbn5B7CZebbeKVGp7MFW91nWNJlck/PwIpe/M.Wc2eS',	NULL,	'ADMIN',	'LOTS_OF_EXPERIENCE',	NULL),
(19,	1,	'2019-08-13 08:52:43',	'inited.cz@gmail.com',	NULL,	'Inited',	'117314459367230889848',	'2019-08-13 08:52:43',	'Solutions',	NULL,	NULL,	'USER',	NULL,	NULL),
(20,	1,	'2019-08-13 09:12:41',	'dimatest01@gmail.com',	NULL,	'Dima',	NULL,	'2019-08-13 09:12:41',	'Buc',	'$2y$10$iNIidvaXBII8PLbxM6hl2OSBntHiwrKyCgbWLsD4nXLULWXaLzlL6',	NULL,	'USER',	NULL,	NULL),
(21,	1,	'2019-08-13 13:22:34',	'test@calmio.cz',	NULL,	'Test',	NULL,	'2019-08-13 13:22:34',	'Calmio',	'$2y$10$Vsf1ZOkjL.nuG.dnzne0sOXKIaUp3wHpDfnLEZCOKxLa5QjOjvzp6',	'44808e7a-5625-4cc1-b0bd-4c296b912bc4',	'USER',	NULL,	NULL),
(24,	1,	'2019-08-14 08:28:06',	'lukas.zdych@gmail.com',	NULL,	'Lukas',	NULL,	'2019-08-14 08:28:06',	'Zdych',	'$2y$10$y.kXvakmgBR8fsLNL7KbYe5gFW8eZgG65c91GOvZMB.FN4qYPSMau',	NULL,	'USER',	NULL,	NULL),
(25,	1,	'2019-08-14 09:32:46',	'projekt.charita@gmail.com',	NULL,	'Maka',	NULL,	'2019-08-14 09:32:46',	'Jank',	'$2y$10$QsrSiZIPqLv6uCW.ESkr7eEKeuI9MbvlKq9KDx8oZ.iUGfpjnqww2',	NULL,	'USER',	'MILD_EXPERIENCE',	NULL),
(26,	1,	'2019-08-15 12:41:43',	'tnadymacek@gmail.com',	NULL,	'tomas',	'116841865081145195316',	'2019-08-15 12:41:43',	'nadymacek',	NULL,	NULL,	'USER',	NULL,	NULL),
(29,	1,	'2019-08-17 03:12:17',	'test@calmio.test.cz',	NULL,	'Test',	NULL,	'2019-08-17 03:12:17',	'Test',	'$2y$10$mFA.pmIvsuwVDkZMktdfXenb0w80gzaPZcOH.KuGr9wbeROt1.4Ey',	NULL,	'USER',	'MILD_EXPERIENCE',	NULL),
(30,	1,	'2019-08-22 18:55:56',	'evacecil@gmail.com',	NULL,	'Eva',	NULL,	'2019-08-22 18:55:56',	'Cecil',	'$2y$10$PC4FcNrxY34N9VKQZH5qWuwk18nIwt0K4PK1V2osrhw4xQFZwSBBa',	NULL,	'USER',	NULL,	NULL),
(31,	1,	'2019-08-23 06:37:47',	'marketa.jankovska@gmail.com',	NULL,	'Markéta',	'114019209418709230134',	'2019-08-23 06:37:47',	'Jankovská',	'$2y$10$DvdyKZhjn3TPJxzFRDz.Pe9xGFk1ERCbL74k4GzwL68XSZOCm4nEm',	NULL,	'USER',	NULL,	NULL),
(32,	1,	'2019-08-26 14:01:09',	'test112233@calmio.test.cz',	NULL,	'Test',	NULL,	'2019-08-26 14:01:09',	'Test',	'$2y$10$aH6Sb3yiYW3R3GqTPos/b.KM.MsOkwD8IWLZoR.oz1gEJgfXEq0f.',	NULL,	'USER',	NULL,	NULL),
(33,	1,	'2019-08-26 14:04:36',	'test12345@calmio.test.cz',	NULL,	'Test',	NULL,	'2019-08-26 14:04:36',	'Test',	'$2y$10$sODWaQy3udpw0iAhyWt3DuC6N9YN/j4Bos.zNIPRmTs4G5GDQYxNq',	NULL,	'USER',	NULL,	NULL),
(34,	1,	'2019-08-27 07:27:03',	'test001@calmio.test.cz',	NULL,	'Test',	NULL,	'2019-08-27 07:27:03',	'Test',	'$2y$10$GSd40n4xrPx9hjvoMFYc7uG6ocIUciJeFhpBZxYbY7UcjPP9xItt2',	NULL,	'USER',	NULL,	NULL),
(35,	1,	'2019-08-27 10:45:40',	'test123@test.calmio.cz',	NULL,	'Test',	NULL,	'2019-08-27 10:45:40',	'Test',	'$2y$10$r1V.jYhoBxlXFUGQELKdv.rChxYl55qJWvbY1JPOlP23k1nNEyXh.',	NULL,	'USER',	NULL,	NULL),
(36,	1,	'2019-08-27 13:08:07',	'volejnicek@gmail.com',	'10218109146592466',	'Tomas',	NULL,	'2019-08-27 13:08:07',	'Volejnicek',	NULL,	NULL,	'USER',	NULL,	NULL),
(37,	1,	'2019-08-28 06:21:41',	'test.calmio001@test.calmio.cz',	NULL,	'Test',	NULL,	'2019-08-28 06:21:41',	'Test',	'$2y$10$c2g/IAmWuYtkqnqDvGmDm.G43CvQEykw5MSe0KwAKpYm8dbqvC9ju',	NULL,	'USER',	NULL,	NULL),
(38,	1,	'2019-08-28 12:59:29',	'all@pavrda.cz',	'10213984344231894',	'Jarda',	NULL,	'2019-10-10 10:28:28',	'Pavlíček',	'$2y$10$DV21y1KtiRuchj.qcMch5OYBuxOyH6ulg.ZLfIQdN/i12hjeRPHKi',	'522e84bb-dc3c-488c-9897-be42cc8c3238',	'USER',	'MILD_EXPERIENCE',	NULL),
(39,	1,	'2019-08-28 19:39:07',	'test111@test.calmio.cz',	NULL,	'Test1',	NULL,	'2019-08-28 19:39:07',	'Test1',	'$2y$10$BusfpmrZ/ZHZEkovlmVjjOxo6N/fDFUaK6CxibSRJaf7gc.jyHHva',	NULL,	'USER',	NULL,	NULL),
(40,	1,	'2019-08-28 19:40:08',	'test222@test.calmio.cz',	NULL,	'Test2',	NULL,	'2019-08-28 19:40:08',	'Test2',	'$2y$10$WE1jrKp24LR85YAVCEYIEeZAhn3fk1y8DVukpnUm5S3JX39u/taJu',	NULL,	'USER',	NULL,	NULL),
(41,	1,	'2019-08-30 05:16:15',	'test004@test.calmio.cz',	NULL,	'Test4',	NULL,	'2019-08-30 05:16:15',	'Test4',	'$2y$10$THEr/elealnPneBxxHzSluR4lzGLU21drtLsC/2xKNh3C0BoshCtq',	NULL,	'USER',	NULL,	NULL),
(42,	1,	'2019-08-31 04:10:26',	'test002@test.calmio.cz',	NULL,	'Test3',	NULL,	'2019-08-31 04:10:26',	'Test3',	'$2y$10$cCAPgmH4X8KFAltbG3F1TObm.GFaj9Yjnuw9CDIwJMoXZPAod1hqa',	NULL,	'USER',	NULL,	NULL),
(43,	1,	'2019-08-31 04:13:13',	'test005@test.calmio.cz',	NULL,	'Test4',	NULL,	'2019-08-31 04:13:13',	'Test4',	'$2y$10$0MeXxrS1xiK/c1vQtAkAPOVKwEaMbFPLbMkzX9GxephYMZG08XjJ6',	NULL,	'USER',	NULL,	NULL),
(44,	1,	'2019-08-31 09:25:40',	'michal@em2.cz',	NULL,	'Michal',	NULL,	'2019-08-31 09:25:40',	'Máca',	'$2y$10$48lTbe27iG.qGKxQkXrnvOALfEHHmqCLZ7b4n.qvAPSEwmGoSh3TW',	NULL,	'USER',	NULL,	NULL),
(45,	1,	'2019-09-02 07:00:46',	'test006@calmio.test.cz',	NULL,	'Test6',	NULL,	'2019-09-02 07:00:46',	'Test6',	'$2y$10$3m0QmwZKd8SA3BV/yeXFGOAqro1aYD/sfmuL0ckncYYiazXerg4GW',	NULL,	'USER',	NULL,	NULL),
(46,	1,	'2019-09-02 07:50:45',	'test007@calmio.test.cz',	NULL,	'Test',	NULL,	'2019-09-02 07:50:45',	'test',	'$2y$10$WevpVl1gfW4uEeko7W1bjOQ1PWh3JJXteCEG1KmmO5smM.lBZp9SK',	NULL,	'USER',	NULL,	NULL),
(47,	1,	'2019-09-03 12:38:04',	'test008@calmio.test.cz',	NULL,	'Test',	NULL,	'2019-09-03 12:38:04',	'test8',	'$2y$10$lKKtkWpBiW1zapYFMNYXye1ycUU27.QdAF4VWsigbKcjNEug4IPNe',	NULL,	'USER',	NULL,	NULL),
(48,	1,	'2019-09-05 13:52:43',	'semmitoposli@gmail.com',	NULL,	'M',	NULL,	'2019-09-05 13:52:43',	'J',	'$2y$10$6WS/sShXFr/6EEbJKM/ss.wSFnKuoGRcRPd1AS2Zl1EQSFGEtRAY2',	NULL,	'USER',	NULL,	NULL),
(49,	1,	'2019-09-07 14:34:00',	'salshaw76@icloud.com',	NULL,	'Fly',	NULL,	'2019-09-07 14:34:00',	'Flyerson',	'$2y$10$BRwASNQN9MALcoM15beYguvze.a9VtaToM5hrVtqykF1rmaX7jv7u',	NULL,	'USER',	NULL,	NULL),
(50,	1,	'2019-09-07 14:43:57',	'pelc.milan@gmail.com',	NULL,	'Milan',	NULL,	'2019-09-07 14:43:57',	'Pelc',	'$2y$10$lPXVnWZhVGI5Tim9oJbRD.SmlcZKYEeJgp/T3VuiUf/XgVJ22bxya',	NULL,	'USER',	NULL,	NULL),
(52,	1,	'2019-09-07 16:17:29',	'admin@test.com',	NULL,	'admin',	NULL,	'2019-09-07 16:17:29',	'test',	'$2y$10$qvGzS2mjeSUiqmQk7Cw2muf336uOSoz1qqubCtfn6Xy19N6j8Rnaq',	NULL,	'ADMIN',	NULL,	NULL),
(53,	1,	'2019-09-10 20:03:45',	'ptest10@test.com',	NULL,	'Petr',	NULL,	'2019-09-10 20:03:45',	'petr',	'$2y$10$MsrDN1QwvQaTKla47KSBEuAcSjwYbWltpo2R9kY9jE/zmIFeFHZJC',	NULL,	'USER',	'LOTS_OF_EXPERIENCE',	NULL),
(54,	1,	'2019-09-11 10:55:34',	'ptest11@test.com',	NULL,	'Petr',	NULL,	'2019-09-11 10:55:34',	'test',	'$2y$10$m1uSbqR27TL3U0oU77GE4O4PLYkXB/huKtvW/DMmdo8GaX9jI36km',	NULL,	'USER',	NULL,	NULL),
(55,	1,	'2019-09-12 19:21:57',	'ir.sko.3@gmail.com',	NULL,	'Irča',	NULL,	'2019-09-12 19:21:57',	'Skoky',	'$2y$10$lePDTzHaDS34IMqXvdV4Y.7TxqQiO5VgkPuTTwoVqEaAG6MKtF8p2',	NULL,	'USER',	NULL,	NULL),
(56,	1,	'2019-09-16 09:15:35',	'ptest7@test.com',	NULL,	'Ptest5',	NULL,	'2019-09-16 09:15:35',	'test',	'$2y$10$OOU2sN8JXrmB2Lz/JIyp5OqfvyAj7sXDRJMhdwa8guBeEeYt1jeOC',	NULL,	'USER',	NULL,	NULL),
(63,	1,	'2019-09-18 10:06:01',	'pcskboacir_1568801043@tfbnw.net',	'105724684159202',	'Bob Aldafejaafbea Lausen',	NULL,	'2019-09-18 10:06:01',	'',	NULL,	NULL,	'USER',	NULL,	NULL),
(64,	1,	'2019-09-18 15:29:52',	'vehssnukkx_1568820419@tfbnw.net',	'119205292801331',	'Nancy Aldaceehcbaea Chaisen',	NULL,	'2019-09-18 15:29:52',	'',	NULL,	NULL,	'USER',	'MILD_EXPERIENCE',	NULL),
(65,	1,	'2019-09-19 17:29:52',	'ptest20@test.com',	NULL,	'Petr',	NULL,	'2019-09-19 17:29:52',	'test20',	'$2y$10$rHdjE96vdpNxe2RqNM6i5ORrKAL3ln8Xwi7k.ePhQsR1aWE70EFia',	NULL,	'USER',	'LOTS_OF_EXPERIENCE',	NULL),
(66,	1,	'2019-09-20 19:48:48',	'ptest18@test.com',	NULL,	'ptest18',	NULL,	'2019-09-20 19:48:48',	'abc',	'$2y$10$clwZZJoH87Pl27QuTxRFjuxNgFJ2ttBmsQe.TqgdubhH1uCST9l9m',	NULL,	'USER',	'LOTS_OF_EXPERIENCE',	NULL),
(68,	1,	'2019-09-23 11:55:40',	'jana.markova@initedsolutions.cz',	NULL,	'Jana',	'102344107308090924975',	'2019-10-10 06:01:15',	'Marková',	'$2y$10$3IQAikn6PcnCT3qsosjs1Oh/fuTbahN.DGYEzJ2krVCChKYep3Ree',	NULL,	'ADMIN',	'MILD_EXPERIENCE',	NULL),
(69,	1,	'2019-09-23 19:13:44',	'cendanet@seznam.cz',	NULL,	'Antonin',	NULL,	'2019-09-23 19:13:44',	'Cervenka',	'$2y$10$Dt4OB783lm0ne5yUOhvT.en65fIDBTSh9KMuC2I3crE59rfuXl7/.',	NULL,	'USER',	NULL,	NULL),
(70,	1,	'2019-09-23 19:15:06',	'wandicee@seznam.cz',	NULL,	'Vanda',	NULL,	'2019-09-23 19:15:06',	'Stepankova ',	'$2y$10$EZitls0wRkJ4GzMjLcvV1u8yIcB.LGy2/E7C5s4cD2FgzKExF0NbS',	NULL,	'USER',	'NO_EXPERIENCE',	NULL),
(75,	1,	'2019-09-24 15:08:18',	'peter.js.dev@gmail.com',	NULL,	'Test',	'100351214324038910454',	'2019-10-02 09:52:47',	'test',	'$2y$10$H3NhgceSY/q8f3Vm/TEr1uNzojpqZEmoqCH7UmFTfXZqm7gjjoxou',	NULL,	'USER',	'LOTS_OF_EXPERIENCE',	NULL),
(79,	1,	'2019-09-24 15:42:44',	'kudera@zaslat.cz',	NULL,	'Martin',	'100309302712262944990',	'2019-09-24 15:42:44',	'Kudera',	NULL,	NULL,	'USER',	'NO_EXPERIENCE',	NULL),
(80,	1,	'2019-09-24 18:13:29',	'martinkudera@gmail.com',	'2499060743664095',	'Martin',	NULL,	'2019-10-09 19:13:00',	'Kudera',	'$2y$10$QH2KLI/0SpVLHd0/9PpJKu6xN5KWMg7hp1YOv8hE2qh9SnCN2yo1W',	NULL,	'ADMIN',	'NO_EXPERIENCE',	NULL),
(82,	1,	'2019-09-24 21:22:54',	'skokanova@zaslat.cz',	NULL,	'Irča',	'117413348173245773326',	'2019-09-24 21:22:54',	'Skokanová',	NULL,	NULL,	'USER',	NULL,	NULL),
(83,	1,	'2019-09-25 09:24:53',	'peterjsdev@gmail.com',	'898816400492615',	'Peter',	NULL,	'2019-09-25 09:24:53',	'JsDev',	NULL,	NULL,	'USER',	NULL,	NULL),
(85,	1,	'2019-09-26 06:07:28',	'antosova.jana@centrum.cz',	NULL,	'Jana',	NULL,	'2019-09-26 06:07:28',	'Marková',	'$2y$10$BwcAKFCdJw8aYaTKXxPQFO3WVbfw53tBbNKIc/KCGBp6lMxqSmj/e',	NULL,	'USER',	'MILD_EXPERIENCE',	NULL),
(86,	1,	'2019-09-26 06:08:04',	'jjjajjjinka@gmail.com',	NULL,	'Jana',	'100130786024585715548',	'2019-10-03 06:06:26',	'A',	'$2y$10$EwwPqNFcAuEv5/2K9teRXOi6VKuC1B38LGBnuOib.RCWNDoEoM.fe',	NULL,	'USER',	'MILD_EXPERIENCE',	NULL),
(88,	1,	'2019-09-26 15:45:50',	'tereza.raw@gmail.com',	NULL,	'Tereza',	NULL,	'2019-09-26 15:45:50',	'Raw',	'$2y$10$b0pF2ZP9w4plMZZ5zZ6ZR.Ws3HVEkC8/7q7ubgEfBdKHnvPdfWuHK',	NULL,	'USER',	NULL,	NULL),
(89,	1,	'2019-09-30 17:14:17',	'helena@celkom.cz',	NULL,	'Helena',	NULL,	'2019-09-30 17:14:17',	'Volejnickova',	'$2y$10$p9e99Kb40ZjPysgZJVUX9.CJAbUfplepT1OQvN.ha5.7M/hIE9.16',	NULL,	'USER',	'MILD_EXPERIENCE',	NULL),
(90,	1,	'2019-10-02 06:09:04',	'liborsulak@centrum.cz',	'10214210344402774',	'Libor',	NULL,	'2019-10-02 06:09:04',	'Sulak',	NULL,	NULL,	'USER',	'MILD_EXPERIENCE',	NULL),
(91,	1,	'2019-10-02 09:42:37',	'tapassini108@gmail.com',	NULL,	'Tapassini',	'115175402382031725430',	'2019-10-02 09:42:37',	'108',	NULL,	NULL,	'USER',	NULL,	NULL),
(92,	1,	'2019-10-02 09:43:57',	'karuna.sevena.cz@gmail.com',	NULL,	'Karuna',	'111031373222889642032',	'2019-10-02 09:43:57',	'Sevena',	NULL,	NULL,	'USER',	'LOTS_OF_EXPERIENCE',	NULL),
(93,	1,	'2019-10-02 19:28:32',	'klarkasulakova@gmail.com',	NULL,	'Klara',	NULL,	'2019-10-02 19:28:32',	'Sulakova',	'$2y$10$USPwH.aRRWS.mfK7Xr0Lv.aqEAtPuqwkR5dVHrFmdBYtbxyS.7946',	NULL,	'USER',	'MILD_EXPERIENCE',	NULL),
(94,	1,	'2019-10-03 17:34:48',	'ivona.swan@gmail.com',	'10157743641724726',	'Ivona',	NULL,	'2019-10-03 17:34:48',	'Swan',	NULL,	NULL,	'USER',	'MILD_EXPERIENCE',	NULL),
(95,	1,	'2019-10-03 18:34:01',	'e.kabatova@seznam.cz',	'2960393780642974',	'Eva',	NULL,	'2019-10-03 18:34:01',	'Peškeová',	NULL,	NULL,	'USER',	'LOTS_OF_EXPERIENCE',	NULL),
(96,	1,	'2019-10-03 21:03:37',	'zor.m@seznam.cz',	NULL,	'Alex',	NULL,	'2019-10-03 21:03:37',	'Alex ',	'$2y$10$rHMwGCmCQhLUEB1Axfhj5eamSKggiDMMsG6iRgymjUzrPr.Nq1KI6',	NULL,	'USER',	'MILD_EXPERIENCE',	NULL),
(97,	1,	'2019-10-04 10:11:40',	'zbynek.cerny@premiant.cz',	NULL,	'Zbynek',	NULL,	'2019-10-04 10:11:40',	'Cerny',	'$2y$10$Xt.sqFO3t9PnUypgCL/9neF1PO2eFQGgyx0P4OHK1k9szJhttu5QS',	NULL,	'USER',	'MILD_EXPERIENCE',	NULL),
(98,	1,	'2019-10-05 14:21:27',	'josef.kintner@gmail.com',	'10157276346144543',	'Josef',	NULL,	'2019-10-05 14:21:27',	'Kintner',	NULL,	NULL,	'USER',	NULL,	NULL),
(99,	1,	'2019-10-05 18:32:14',	'petr.pavel@pepa.info',	NULL,	'Petr',	NULL,	'2019-10-05 18:32:14',	'Pavel',	'$2y$10$lBsCZFNqGKi8eeKAkM55kOz4mYQcnYRiRxHfba3GutEL5dB56MH1S',	NULL,	'USER',	'LOTS_OF_EXPERIENCE',	NULL),
(100,	1,	'2019-10-06 18:54:44',	'persefona78@gmail.com',	NULL,	'Vladuska',	NULL,	'2019-10-06 18:54:44',	'Muska',	'$2y$10$iW9/Ox/6Zaba4J1rZQFy5.hEZdrlx1XrxjyuUI9PsCaDURhFKuqAy',	NULL,	'USER',	NULL,	NULL),
(101,	1,	'2019-10-08 04:10:31',	'petrzeman20@seznam.cz',	NULL,	'Petr',	NULL,	'2019-10-08 04:10:31',	'Zeman',	'$2y$10$Fo/OisdPzMLkZzFVdPdigeWUMrMR.GRXc0t0KQdzSN1Aw9jsR4M7C',	NULL,	'USER',	'NO_EXPERIENCE',	NULL),
(102,	1,	'2019-10-08 07:45:31',	'baraglomb@gmail.com',	NULL,	'bara',	'110451292399982203905',	'2019-10-08 07:45:31',	'glomb',	NULL,	NULL,	'USER',	'MILD_EXPERIENCE',	NULL),
(103,	1,	'2019-10-09 08:19:11',	'ptest21@test.com',	NULL,	'Ptest',	NULL,	'2019-10-09 08:19:11',	'21',	'$2y$10$9jnk2ltGUMVkASUeB6AIGeOSGl8sD4HXkbLQ3sAKnoMDRN9Kcuw/.',	NULL,	'USER',	'LOTS_OF_EXPERIENCE',	NULL),
(104,	1,	'2019-10-09 13:35:13',	'daniel.kotas@email.cz',	'2605306459490523',	'Daniel',	NULL,	'2019-10-09 13:35:13',	'Kotek',	NULL,	NULL,	'USER',	'MILD_EXPERIENCE',	NULL),
(105,	1,	'2019-10-10 02:11:33',	'tokkyo.isyo.2019.204@gmail.com',	NULL,	'意匠課',	'108821919032103544417',	'2019-10-10 02:11:33',	'特許庁',	NULL,	NULL,	'USER',	'NO_EXPERIENCE',	NULL),
(106,	1,	'2019-10-11 05:40:07',	'camel.kamil@centrum.cz',	NULL,	'Kamil',	NULL,	'2019-10-11 05:40:07',	'Siman',	'$2y$10$4Fnq3NYGMFfc9EbPZ07f0uXpZumaVtJaq926yIdoyayYVVQbbNBUm',	NULL,	'USER',	NULL,	NULL),
(107,	1,	'2019-10-13 18:19:16',	'lenka.hague@gmail.com',	NULL,	'Lenka',	'105804909609249537198',	'2019-10-13 18:19:16',	'Hague',	NULL,	NULL,	'USER',	NULL,	NULL);

-- 2019-10-16 14:00:18
